PlotId;StartAssessment;SurveyEventId;LU_Cmon;GRTS_locaties_weggevallen_ander_LG;Ander_LG_binnen_plot;Bodembedekking_Landgebruiksbestand_niv1;LG_Landgebruikskaart;Vegetatie;Wetland;Plot_op_helling;Type_helling;Positie_op_helling;Oogstresten;Hindernis;Locaties_weggevallen_bij_hindernis;hindernis_boom;hindernis_doodhout;hindernis_openwater;hindernis_verharding;hindernis_nat;hindernis_stenen;hindernis_insporing;hindernis_mesthoop;hindernis_voederbak;hindernis_drinkplaats;Matrixtype_0_10;Matrixtype_10_30;Matrixtype_30_60;Matrixtype_60_100;Instrument_geroerd_0_10;Instrument_geroerd_10_30;Instrument_geroerd_30_60;Instrument_geroerd_60_100;Veen_0_10;Veen_10_30;Veen_30_60;Veen_60_100;Instrument_ongeroerd_0_10;Instrument_ongeroerd_10_30;Instrument_ongeroerd_30_60;Instrument_ongeroerd_60_100;Vertrappeling;Obstakel_ongeroerd_0_10;Obstakel_ongeroerd_10_30;Obstakel_ongeroerd_30_60;Obstakel_ongeroerd_60_100;Opmerking_monstername
P9fa2c9d;8/12/2021;P9fa2c9d_21;Bos;;;Loofbos;Bos;Zwarte els, bramen;Nee;Nee;;;Geen;Boom;4, 16;4, 16;;;NULL;;;;;;;M;M;M;M;Steekguts 30mm;Steekguts 30mm;Steekguts 30mm;Steekguts 30mm;;NA;NA;NA;Kopecky steekset 100cmü;Kopecky steekset 100cmü;Kopecky steekset 100cmü;Kopecky steekset 100cmü;;;;;;
P915bb28;9/12/2021;P915bb28_21;Natuur;;;Loofbos;Bos;Tamme kastanje, vlier, wilg;Nee;Nee;;;Geen;Boom, Vijver;1, 2, 4, 5, 6, 8, 9, 10, 12, 14, 16, 18, 19, 20, 21, 22, 25, 26, 28, 30, 31, 32, 34, 36, 37, 38, 41, 42, 44;8, 19, 31;;1, 2, 4, 5, 6, 9, 10, 12, 14, 16, 18, 20, 21, 22, 25, 26, 28, 30, 32, 34, 36, 37, 38, 41, 42, 44;NULL;;;;;;;M;M;M;M;Steekguts 30mm;Steekguts 30mm;Steekguts 30mm;Steekguts 30mm;;NA;NA;NA;Kopecky steekset 100cmü;Kopecky steekset 100cmü;Kopecky steekset 100cmü;Kopecky steekset 100cmü;;;;;;
P8afb59d;15/12/2021;P8afb59d_21;Bos;1, 3, 5, 7, 11, 13, 15;Ruimtebeslag berm;Loofbos;Bos;Wintereik;Nee;Nee;;;Geen;Geen;NULL;NULL;;;NULL;;;;;;;M;M;M;M;Steekguts 30mm;Steekguts 30mm;Steekguts 25mm;Steekguts 20mm;;NA;NA;NA;Kopecky steekset 100cmü;Kopecky steekset 100cmü;Kopecky steekset 100cmü;Kopecky steekset 100cmü;;;;;;
P91c48c9;22/12/2021;P91c48c9_21;Bos;;;Loofbos;Bos;Hazelaar, populier;Nee;Nee;;;Geen;Boom;8, 16;8, 16;;;NULL;;;;;;;M;M;M;M;Steekguts 30mm;Steekguts 30mm;Steekguts 25mm;Steekguts 20mm;;NA;NA;NA;Kopecky steekset 100cmü;Kopecky steekset 100cmü;Kopecky steekset 100cmü;Kopecky steekset 100cmü;;;;;;Kopeckys in laag 60 - 100 waren verzadigd
Pb0fd530;5/01/2022;Pb0fd530_22;Bos;;;Loofbos;Bos;Beuk;Nee;Ja;Concaaf;Midden;Geen;Boom;2;2;;;NULL;;;;;;;M;M;M;M;Steekguts 30mm;Steekguts 30mm;Steekguts 25mm;Steekguts 20mm;;NA;NA;NA;Kopecky steekset 100cmü;Kopecky steekset 100cmü;Kopecky steekset 100cmü;Kopecky steekset 100cmü;;;;;;
Pb018764;6/01/2022;Pb018764_22;Bos;;;Loofbos;Bos;Zomereik, tamme kastanje, hulst;Nee;Ja;Concaaf;Boven;Geen;Boom;2, 4, 12, 18;2, 4, 12, 18;;;NULL;;;;;;;M;M;M;M;Steekguts 30mm;Steekguts 30mm;Steekguts 25mm;Steekguts 20mm;;NA;NA;NA;Kopecky steekset 100cmü;Kopecky steekset 100cmü;Kopecky steekset 100cmü;Kopecky steekset 100cmü;;;;;;
P3462830;11/01/2022;P3462830_22;Natuur;;;Halfnatuurlijk grasland;Grasland;Grassen en kruiden;Nee;Nee;;;Geen;Geen;NULL;NULL;;;NULL;;;;;;;M;M;M;M;Steekguts 30mm;Steekguts 30mm;Steekguts 25mm;Steekguts 20mm;;NA;NA;NA;Kopecky steekset 100cmü;Kopecky steekset 100cmü;Kopecky steekset 100cmü;Kopecky steekset 100cmü;;;;;;
P4581c77;12/01/2022;P4581c77_22;Bos;;;Naaldbos;Bos;Grove den;Nee;Nee;;;Geen;Geen;NULL;NULL;;;NULL;;;;;;;M;M;M;M;Steekguts 30mm;Steekguts 30mm;Steekguts 25mm;Steekguts 20mm;;NA;NA;NA;Kopecky steekset 100cmü;Kopecky steekset 100cmü;Kopecky steekset 100cmü;Kopecky steekset 100cmü;;;;;;
P47f8212;18/01/2022;P47f8212_22;Bos;;;Loofbos;Bos;Wintereik;Nee;Nee;;;Geen;Boom;16;16;;;NULL;;;;;;;M;M;M;M;Steekguts 30mm;Steekguts 30mm;Steekguts 25mm;Steekguts 20mm;;NA;NA;NA;Kopecky steekset 100cmü;Kopecky steekset 100cmü;Kopecky steekset 100cmü;Kopecky steekset 100cmü;;;;;;
P1f19d29;19/01/2022;P1f19d29_22;Bos;;;Naaldbos;Bos;Grove den, tamme kastanje, berk;Nee;Ja;Concaaf;Onder;Geen;Boom;13;13;;;NULL;;;;;;;M;M;M;M;Steekguts 30mm;Steekguts 30mm;Steekguts 25mm;Steekguts 20mm;;NA;NA;NA;Kopecky steekset 100cmü;Kopecky steekset 100cmü;Kopecky steekset 100cmü;Kopecky steekset 100cmü;;;;;;
P23ef814;20/01/2022;P23ef814_22;Natuur;;;Heide;Struikgewas;Struikheide, grove den, berk,;Nee;Nee;;;Geen;Boom;2, 10;2, 10;;;NULL;;;;;;;M&O;M;M;M;Steekguts 30mm;Steekguts 30mm;Steekguts 25mm;Steekguts 20mm;;NA;NA;NA;Kopecky steekset 100cmü;Kopecky steekset 100cmü;Kopecky steekset 100cmü;Kopecky steekset 100cmü;;;;;;
P87df992;25/01/2022;P87df992_22;Bos;;;Loofbos;Bos;Tamme kastanje, hazelaar, eik, lork;Nee;Nee;;;Geen;Boom;14;14;;;NULL;;;;;;;M;M;M;M;Steekguts 30mm;Steekguts 30mm;Steekguts 25mm;Steekguts 20mm;;NA;NA;NA;Kopecky steekset 100cmü;Kopecky steekset 100cmü;Kopecky steekset 100cmü;Kopecky steekset 100cmü;;;;;;
P6bf0fc7;26/01/2022;P6bf0fc7_22;Bos;;;Loofbos;Bos;Populier, boswilg, vlier;Nee;Ja;Concaaf;Midden;Geen;Boom;6;6;;;NULL;;;;;;;M;M;M;M;Steekguts 30mm;Steekguts 30mm;Steekguts 25mm;Steekguts 20mm;;NA;NA;NA;Kopecky steekset 100cmü;Kopecky steekset 100cmü;Kopecky steekset 100cmü;Kopecky steekset 100cmü;;;;;;
Pa9d0f1d;27/01/2022;Pa9d0f1d_22;Bos;;;Loofbos;Bos;Linde;Nee;Nee;;;Geen;Boom;7, 14;7, 14;;;NULL;;;;;;;M;M;M;M;Steekguts 30mm;Steekguts 30mm;Steekguts 25mm;Steekguts 20mm;;NA;NA;NA;Kopecky steekset 100cmü;Kopecky steekset 100cmü;Kopecky steekset 100cmü;Kopecky steekset 100cmü;;;;;;
P93556d7;1/02/2022;P93556d7_22;Bos;;;Naaldbos;Bos;Grove den, berk;Nee;Ja;Concaaf;Boven;Geen;Geen;NULL;NULL;;;NULL;;;;;;;M;M;M;M;Steekguts 30mm;Steekguts 30mm;Steekguts 25mm;Steekguts 20mm;;NA;NA;NA;Kopecky steekset 100cmü;Kopecky steekset 100cmü;Kopecky steekset 100cmü;Kopecky steekset 100cmü;;;;;;slechts 2 kopecky ringen in diepste laag (stenig)
P8c942eb;2/02/2022;P8c942eb_22;Bos;;;Naaldbos;Bos;Grove den, hulst, lijsterbes, Amerikaanse vogelkers;Nee;Nee;;;Geen;Geen;NULL;NULL;;;NULL;;;;;;;M&O;M;M;M;Steekguts 30mm;Steekguts 30mm;Steekguts 25mm;Steekguts 20mm;;NA;NA;NA;Kopecky steekset 100cmü;Kopecky steekset 100cmü;Kopecky steekset 100cmü;Kopecky steekset 100cmü;;;;;;Kopecky's 1, 3 en 4 gingen niet in laag 60-100 (stenigheid). Geroerde staalname 60-100 ging enkel op locatie 1, 2, 7, 8 en 10
P90c80d7;3/02/2022;P90c80d7_22;Bos;;;Naaldbos;Bos;Grove den, berk, zomereik;Nee;Ja;Concaaf;Midden;Geen;Geen;NULL;NULL;;;NULL;;;;;;;M&O;M&O;M;M;Steekguts 30mm;Steekguts 30mm;Steekguts 25mm;Steekguts 20mm;2, 4, 5, 6, 7, 8, 10, 11, 12, 13, 14, 15, 16;NA;NA;NA;Kopecky steekset 100cmü;Kopecky steekset 100cmü;Kopecky steekset 100cmü;Kopecky steekset 100cmü;;;;;;
P7fbe1cf;15/02/2022;P7fbe1cf_22;Bos;;;Naaldbos;Bos;Grove den, Amerikaanse eik, Amerikaanse vogelkers;Nee;Ja;Concaaf;Midden;Geen;Geen;NULL;NULL;;;NULL;;;;;;;M&O;M;M;M;Steekguts 30mm;Steekguts 30mm;Steekguts 25mm;Steekguts 20mm;;NA;NA;NA;Kopecky steekset 100cmü;Kopecky steekset 100cmü;Kopecky steekset 100cmü;Kopecky steekset 100cmü;;;;;;Nieuwe gutsen en kopecky steekset gebruikt voor staalname
P84df67e;16/02/2022;P84df67e_22;Bos;;;Loofbos;Bos;Amerikaanse eik;Nee;Ja;Concaaf;Midden;Geen;Boom;7;7;;;NULL;;;;;;;M;M;M;M;Steekguts 30mm;Steekguts 30mm;Steekguts 25mm;Steekguts 20mm;;NA;NA;NA;Kopecky steekset 100cmü;Kopecky steekset 100cmü;Kopecky steekset 100cmü;Kopecky steekset 100cmü;;;;;;
P6184593;17/02/2022;P6184593_22;Bos;;;Loofbos;Bos;Gewone esdoorn, zomereik, hazelaar, liguster;Nee;Nee;;;Geen;Geen;NULL;NULL;;;NULL;;;;;;;M;M;M;M;Steekguts 30mm;Steekguts 30mm;Steekguts 25mm;Steekguts 20mm;;NA;NA;NA;Kopecky steekset 100cmü;Kopecky steekset 100cmü;Kopecky steekset 100cmü;Kopecky steekset 100cmü;;;;;;Nieuwe kopecky steekhuls kapot (afgebroken)
P1c1d912;22/02/2022;P1c1d912_22;Bos;;;Naaldbos;Bos;Fijnspar, grove den, berk;Nee;Ja;Concaaf;Boven;Geen;Geen;NULL;NULL;;;NULL;;;;;;;M;M;M;M;Steekguts 30mm;Steekguts 30mm;Steekguts 25mm;Steekguts 20mm;;NA;NA;NA;Kopecky steekset 100cmü;Kopecky steekset 100cmü;Kopecky steekset 100cmü;Kopecky steekset 100cmü;;;;;;
Pc0ee6ad;23/02/2022;Pc0ee6ad_22;Bos;;;Loofbos;Bos;Boswilg, vlier, hazelaar;Nee;Ja;Concaaf;Midden;Geen;Boom;2, 17;2, 17;;;NULL;;;;;;;M;M;M;M;Steekguts 30mm;Steekguts 30mm;Steekguts 25mm;Steekguts 20mm;;NA;NA;NA;Kopecky steekset 100cmü;Kopecky steekset 100cmü;Kopecky steekset 100cmü;Kopecky steekset 100cmü;;;;;;
P44b6d78;24/02/2022;P44b6d78_22;Bos;;;Naaldbos;Bos;Grove den, fijnspar, hulst, tamme kastanje;Nee;Ja;Concaaf;Midden;Geen;Geen;NULL;NULL;;;NULL;;;;;;;M&O;M;M;M;Steekguts 30mm;Steekguts 30mm;Steekguts 25mm;Steekguts 20mm;;NA;NA;NA;Kopecky steekset 100cmü;Kopecky steekset 100cmü;Kopecky steekset 100cmü;Kopecky steekset 100cmü;;;;;;
P86ff629;1/03/2022;P86ff629_22;Bos;;;Loofbos;Bos;Berk, els, braam;Nee;Nee;;;Geen;Geen;NULL;NULL;;;NULL;;;;;;;M&O;M;M;M;Steekguts 30mm;Steekguts 30mm;Steekguts 25mm;Steekguts 20mm;;NA;NA;NA;Kopecky steekset 100cmü;Kopecky steekset 100cmü;Kopecky steekset 100cmü;Kopecky steekset 100cmü;;;;;;
P73791ed;2/03/2022;P73791ed_22;Ruimtebeslag bermen;;;Overig laag groen;Huizen en tuinen;Gras;Nee;Nee;;;Geen;Geen;NULL;NULL;;;NULL;;;;;;;M;M;M;M;Steekguts 30mm;Steekguts 30mm;Steekguts 25mm;Steekguts 20mm;;NA;NA;NA;Kopecky steekset 100cmü;Kopecky steekset 100cmü;Kopecky steekset 100cmü;Kopecky steekset 100cmü;;;;;;
P89ecc44;3/03/2022;P89ecc44_22;Ruimtebeslag bermen;;;Overig laag groen;Grasland;Gras;Nee;Nee;;;Geen;Geen;NULL;NULL;;;NULL;;;;;;;M;M;M;M;Steekguts 30mm;Steekguts 30mm;Steekguts 25mm;Steekguts 20mm;;NA;NA;NA;Kopecky steekset 100cmü;Kopecky steekset 100cmü;Kopecky steekset 100cmü;Kopecky steekset 100cmü;;;;;;Ingemeten met SPS986
Pae922e8;8/03/2022;Pae922e8_22;Bos;;;Loofbos;Bos;Gewone esdoorn, beuk;Nee;Nee;;;Geen;Geen;NULL;NULL;;;NULL;;;;;;;M;M;M;M;Steekguts 30mm;Steekguts 30mm;Steekguts 25mm;Steekguts 20mm;;NA;NA;NA;Kopecky steekset 100cmü;Kopecky steekset 100cmü;Kopecky steekset 100cmü;Kopecky steekset 100cmü;;;;;;
Pbf3e00b;9/03/2022;Pbf3e00b_22;Bos;;;Loofbos;Bos;Beuk;Nee;Ja;Concaaf;Midden;Geen;Geen;NULL;NULL;;;NULL;;;;;;;M;M;M;M;Steekguts 30mm;Steekguts 30mm;Steekguts 25mm;Steekguts 20mm;;NA;NA;NA;Kopecky steekset 100cmü;Kopecky steekset 100cmü;Kopecky steekset 100cmü;Kopecky steekset 100cmü;;;;;;
Pbaa23d7;11/03/2022;Pbaa23d7_22;Bos;;;Loofbos;Bos;Beuk;Nee;Ja;Concaaf;Boven;Geen;Geen;NULL;NULL;;;NULL;;;;;;;M;M;M;M;Steekguts 30mm;Steekguts 30mm;Steekguts 25mm;Steekguts 20mm;;NA;NA;NA;Kopecky steekset 100cmü;Kopecky steekset 100cmü;Kopecky steekset 100cmü;Kopecky steekset 100cmü;;;;;;
Pb6d4f64;15/03/2022;Pb6d4f64_22;Ruimtebeslag bermen;;;Overig laag groen;Grasland;Gras, brandnetel, fluitenkruid, klaver;Nee;Nee;;;Geen;Verharding/constructie;9, 14;NULL;;;9, 14;;;;;;;M;M;M;M;Steekguts 30mm;Steekguts 30mm;Steekguts 25mm;Steekguts 20mm;;NA;NA;NA;Kopecky steekset 100cmü;Kopecky steekset 100cmü;Kopecky steekset 100cmü;Kopecky steekset 100cmü;;;;;;
Pa2c05e5;16/03/2022;Pa2c05e5_22;Ruimtebeslag bermen;;;Overig laag groen;Struikgewas;Gras en sierstruiken;Nee;Nee;;;Geen;Verharding/constructie;1, 2, 3, 4, 5, 7, 8, 11, 13, 15, 16, 17, 18, 19, 20, 23, 24, 25, 27, 28, 29, 31, 33, 34, 35, 37, 38, 39, 43, 45;NULL;;;1, 2, 3, 4, 5, 7, 8, 11, 13, 15, 16, 17, 18, 19, 20, 23, 24, 25, 27, 28, 29, 31, 33, 34, 35, 37, 38, 39, 43, 45;;;;;;;M;M;M;M;Steekguts 30mm;Steekguts 30mm;Steekguts 25mm;Steekguts 20mm;;NA;NA;NA;Kopecky steekset 100cmü;Kopecky steekset 100cmü;Kopecky steekset 100cmü;Kopecky steekset 100cmü;;;;;;
P2451314;17/03/2022;P2451314_22;Ruimtebeslag bermen;;;Overig laag groen;Grasland;Gras;Nee;Nee;;;Geen;Verharding/constructie;3, 7, 8, 11, 13, 19;NULL;;;3, 7, 8, 11, 13, 19;;;;;;;M;M;M;M;Steekguts 30mm;Steekguts 30mm;Steekguts 25mm;Steekguts 20mm;;NA;NA;NA;Kopecky steekset 100cmü;Kopecky steekset 100cmü;Kopecky steekset 100cmü;Kopecky steekset 100cmü;;;;;;Kan niet dieper dan 90 cm geboord worden door steenpuin.
P945d8ce;22/03/2022;P945d8ce_22;Ruimtebeslag bermen;;;Overig laag groen;Grasland;Gras, fruitbomen;Nee;Nee;;;Geen;Geen;NULL;NULL;;;NULL;;;;;;;M;M;M;M;Steekguts 30mm;Steekguts 30mm;Steekguts 25mm;Steekguts 20mm;;NA;NA;NA;Kopecky steekset 100cmü;Kopecky steekset 100cmü;Kopecky steekset 100cmü;Kopecky steekset 100cmü;;;;;;
P8275837;23/03/2022;P8275837_22;Natuur;;;Heide;Struikgewas;Struikhei, pijpenstrootje;Nee;Ja;Concaaf;Midden;Geen;Geen;NULL;NULL;;;NULL;;;;;;;M;M;M;M;Steekguts 30mm;Steekguts 30mm;Steekguts 25mm;Steekguts 20mm;;NA;NA;NA;Kopecky steekset 100cmü;Kopecky steekset 100cmü;Kopecky steekset 100cmü;Kopecky steekset 100cmü;;;;;;
P7a58fd6;24/03/2022;P7a58fd6_22;Natuur;;;Heide;Struikgewas;Struikhei, gras, mos;Nee;Nee;;;Geen;Geen;NULL;NULL;;;NULL;;;;;;;M;M;M;M;Steekguts 30mm;Steekguts 30mm;Steekguts 25mm;Steekguts 20mm;;NA;NA;NA;Kopecky steekset 100cmü;Kopecky steekset 100cmü;Kopecky steekset 100cmü;Kopecky steekset 100cmü;;;;;;
P9864d46;29/03/2022;P9864d46_22;Natuur;;;Overig laag groen;Grasland;Gras, bramen, berenklauw;Nee;Nee;;;Geen;Boom;NULL;6;;;NULL;;;;;;;M;M;M;M;Steekguts 30mm;Steekguts 30mm;Steekguts 25mm;Steekguts 20mm;;NA;NA;NA;Kopecky steekset 100cmü;Kopecky steekset 100cmü;Kopecky steekset 100cmü;Kopecky steekset 100cmü;;;;;;
P4811720;30/03/2022;P4811720_22;Natuur;;;Halfnatuurlijk grasland;Grasland;gras, riet, pitrus;Nee;Nee;;;Geen;Geen;NULL;NULL;;;NULL;;;;;;;M;M;M;M;Steekguts 30mm;Steekguts 30mm;Steekguts 25mm;Steekguts 20mm;;NA;NA;NA;Kopecky steekset 100cmü;Kopecky steekset 100cmü;Kopecky steekset 100cmü;Kopecky steekset 100cmü;;;;;;
P1b64771;31/03/2022;P1b64771_22;Natuur;;;Heide;Struikgewas;Struikhei, pijpenstrootje, grove den;Nee;Nee;;;Geen;Geen;NULL;NULL;;;NULL;;;;;;;M;M;M;M;Steekguts 30mm;Steekguts 30mm;Steekguts 25mm;Steekguts 20mm;;NA;NA;NA;Kopecky steekset 100cmü;Kopecky steekset 100cmü;Kopecky steekset 100cmü;Kopecky steekset 100cmü;;;;;;
Pc3ab426;5/04/2022;Pc3ab426_22;Bos;;;Loofbos;Bos;Linde, kers, esdoorn;Nee;Nee;;;Geen;Geen;NULL;NULL;;;NULL;;;;;;;M;M;M;M;Steekguts 30mm;Steekguts 30mm;Steekguts 25mm;Steekguts 20mm;;NA;NA;NA;Kopecky steekset 100cmü;Kopecky steekset 100cmü;Kopecky steekset 100cmü;Kopecky steekset 100cmü;;;;;;
P3dbb0e0;6/04/2022;P3dbb0e0_22;Ruimtebeslag parken en recreatiedomeinen;;;Loofbos;Bos;zomereik, fijnspar, grove den, beuk;Nee;Ja;Concaaf;Boven;Geen;Geen;NULL;NULL;;;NULL;;;;;;;M&O;M;M;M;Steekguts 30mm;Steekguts 30mm;Steekguts 25mm;Steekguts 20mm;;NA;NA;NA;Kopecky steekset 100cmü;Kopecky steekset 100cmü;Kopecky steekset 100cmü;Kopecky steekset 100cmü;;;;;;
Pa68ea6c;7/04/2022;Pa68ea6c_22;Bos;;;Loofbos;Bos;Bosanemoon, gevlekte aronskelk, gewone esdoorn, hazelaar, zomereik, meidoorn, wilde kamperfoelie;Nee;Ja;Concaaf;Midden;Geen;Geen;NULL;NULL;;;NULL;;;;;;;M;M;M;M;Steekguts 30mm;Steekguts 30mm;Steekguts 25mm;Steekguts 20mm;;NA;NA;NA;Kopecky steekset 100cmü;Kopecky steekset 100cmü;Kopecky steekset 100cmü;Kopecky steekset 100cmü;;;;;;
P83665a7;12/04/2022;P83665a7_22;Ruimtebeslag parken en recreatiedomeinen;;;Loofbos;Bos;Meidoorn, plataan, gewone esdoorn;Nee;Nee;;;Geen;Boom, Vijver;3, 4, 7, 8, 11, 13, 16, 19, 24;13;;3, 4, 7, 8, 11, 16, 19, 24;NULL;;;;;;;M;M;M;M;Steekguts 30mm;Steekguts 30mm;Steekguts 25mm;Steekguts 20mm;;NA;NA;NA;Kopecky steekset 100cmü;Kopecky steekset 100cmü;Kopecky steekset 100cmü;Kopecky steekset 100cmü;;;;;;
Paa4d26b;13/04/2022;Paa4d26b_22;Ruimtebeslag parken en recreatiedomeinen;;;Loofbos;Bos;Beuk, eik, gewone esdoorn;Nee;Ja;Lineair;Midden;Geen;Geen;NULL;NULL;;;NULL;;;;;;;M;M;M;M;Steekguts 30mm;Steekguts 30mm;Steekguts 25mm;Steekguts 20mm;;NA;NA;NA;Kopecky steekset 100cmü;Kopecky steekset 100cmü;Kopecky steekset 100cmü;Kopecky steekset 100cmü;;;;;;
P831ca80;14/04/2022;P831ca80_22;Natuur;;;Naaldbos;Bos;Grove den, struikhei, mos;Nee;Nee;;;Oogstresten duidelijk aanwezig aan oppervlak;Geen;NULL;NULL;;;NULL;;;;;;;M;M;M;M;Steekguts 30mm;Steekguts 30mm;Steekguts 25mm;Steekguts 20mm;;NA;NA;NA;Kopecky steekset 100cmü;Kopecky steekset 100cmü;Kopecky steekset 100cmü;Kopecky steekset 100cmü;;;;;;
P7187579;19/04/2022;P7187579_22;Bos;;;Ruigte en struweel;Struikgewas;Riet, brandnetel, smeerwortel;Nee;Nee;;;Geen;Geen;NULL;NULL;;;NULL;;;;;;;M;M;M;M;Steekguts 30mm;Steekguts 30mm;Steekguts 25mm;Steekguts 20mm;;NA;NA;NA;Kopecky steekset 100cmü;Kopecky steekset 100cmü;Kopecky steekset 100cmü;Kopecky steekset 100cmü;;;;;Watertafel;
Pb0c3bcf;20/04/2022;Pb0c3bcf_22;Natuur;;;Ruigte en struweel;Struikgewas;Riet, schietwilg, zegge, braam, brandnetel, moerasspirea;Nee;Ja;Concaaf;Onder;Geen;Geen;NULL;NULL;;;NULL;;;;;;;M;M;M;M;Steekguts 30mm;Steekguts 30mm;Steekguts 25mm;Steekguts 20mm;;NA;NA;NA;Kopecky steekset 100cmü;Kopecky steekset 100cmü;Kopecky steekset 100cmü;Kopecky steekset 100cmü;;;;;Watertafel;
P79c237d;21/04/2022;P79c237d_22;Natuur;;;Halfnatuurlijk grasland;Grasland;Gras, pitrus, boswilg, braam, lijsterbes, pinksterbloem;Nee;Nee;;;Geen;Geen;NULL;NULL;;;NULL;;;;;;;M;M;M;M;Steekguts 30mm;Steekguts 30mm;Steekguts 25mm;Steekguts 20mm;;NA;NA;NA;Kopecky steekset 100cmü;Kopecky steekset 100cmü;Kopecky steekset 100cmü;Kopecky steekset 100cmü;;;;Watertafel;Watertafel;
Pbe5ba69;26/04/2022;Pbe5ba69_22;Bos;;;Loofbos;Bos;Populier, boskers, meidoorn, braam, schietwilg;Nee;Nee;;;Geen;Boom;11;11;;;NULL;;;;;;;M;M;M;M;Steekguts 30mm;Steekguts 30mm;Steekguts 25mm;Steekguts 20mm;;NA;NA;NA;Kopecky steekset 100cmü;Kopecky steekset 100cmü;Kopecky steekset 100cmü;Kopecky steekset 100cmü;;;;;;
P2736309;27/04/2022;P2736309_22;Bos;;;Naaldbos;Bos;Grove den, rhododendron, lijsterbes;Nee;Nee;;;Geen;Geen;NULL;NULL;;;NULL;;;;;;;M;M;M;M;Steekguts 30mm;Steekguts 30mm;Steekguts 25mm;Steekguts 20mm;;NA;NA;NA;Kopecky steekset 100cmü;Kopecky steekset 100cmü;Kopecky steekset 100cmü;Kopecky steekset 100cmü;;;;;;
P41882ea;28/04/2022;P41882ea_22;Natuur;;;Halfnatuurlijk grasland;Grasland;Gras, els, mos;Nee;Nee;;;Geen;Geen;NULL;NULL;;;NULL;;;;;;;M;M;M;M;Steekguts 30mm;Steekguts 30mm;Steekguts 25mm;Steekguts 20mm;;NA;NA;NA;Kopecky steekset 100cmü;Kopecky steekset 100cmü;Kopecky steekset 100cmü;Kopecky steekset 100cmü;;;;;;
P50f9896;3/05/2022;P50f9896_22;Natuur;;;Loofbos;Bos;Zwarte els, braam;Nee;Nee;;;Geen;Boom;3;3;;;NULL;;;;;;;M;M;M;M;Steekguts 30mm;Steekguts 30mm;Steekguts 25mm;Steekguts 20mm;;NA;NA;NA;Kopecky steekset 100cmü;Kopecky steekset 100cmü;Kopecky steekset 100cmü;Kopecky steekset 100cmü;;;;;;
P69503a2;4/05/2022;P69503a2_22;Bos;;;Loofbos;Bos;Els, lijsterbes, vogelkers, varens;Nee;Nee;;;Geen;Geen;NULL;NULL;;;NULL;;;;;;;M;M;M;M;Steekguts 30mm;Steekguts 30mm;Steekguts 25mm;Steekguts 20mm;;NA;NA;NA;Kopecky steekset 100cmü;Kopecky steekset 100cmü;Kopecky steekset 100cmü;Kopecky steekset 100cmü;;;;;;
P68bf194;5/05/2022;P68bf194_22;Natuur;;;Halfnatuurlijk grasland;Grasland;Gras, gewone veldbies;Nee;Ja;Lineair;Midden;Geen;Geen;NULL;NULL;;;NULL;;;;;;;M;M;M;M;Steekguts 30mm;Steekguts 30mm;Steekguts 25mm;Steekguts 20mm;;NA;NA;NA;Kopecky steekset 100cmü;Kopecky steekset 100cmü;Kopecky steekset 100cmü;Kopecky steekset 100cmü;;;;;;
P7b2e347;10/05/2022;P7b2e347_22;Natuur;;;Moeras;Moeras;Gras, zegge, pitrus;Ja;Nee;;;Geen;Te nat;NULL;NULL;;;NULL;1, 3, 5, 7, 8, 9, 11, 13, 15, 17, 19, 23, 25, 27, 29, 31;;;;;;M;M;M;M;Steekguts 30mm;Steekguts 30mm;Steekguts 25mm;Steekguts 20mm;;NA;NA;NA;Kopecky steekset 100cmü;Kopecky steekset 100cmü;Kopecky steekset 100cmü;Kopecky steekset 100cmü;;;;;;
P7b29210;11/05/2022;P7b29210_22;Natuur;;;Cultuurgrasland permanent;Grasland;Gras, pitrus, zwarte els;Nee;Nee;;;Geen;Boom;17;8;;;NULL;;;;;;;M;M;M;M;Steekguts 30mm;Steekguts 30mm;Steekguts 25mm;Steekguts 20mm;;NA;NA;NA;Kopecky steekset 100cmü;Kopecky steekset 100cmü;Kopecky steekset 100cmü;Kopecky steekset 100cmü;;;;;;
Pac5a378;12/05/2022;Pac5a378_22;Natuur;;;Halfnatuurlijk grasland;Grasland;Pitrus,gras,boterbloem;Nee;Ja;Concaaf;Midden;Geen;Geen;NULL;NULL;;;NULL;;;;;;;M;M;M;M;Steekguts 30mm;Steekguts 30mm;Steekguts 25mm;Steekguts 20mm;;NA;NA;NA;Kopecky steekset 100cmü;Kopecky steekset 100cmü;Kopecky steekset 100cmü;Kopecky steekset 100cmü;;;;;;
P82c6a41;17/05/2022;P82c6a41_22;Natuur;;;Halfnatuurlijk grasland;Grasland;Gewone margriet, gras, hondsroos, meidoorn, vijfvingerkruid, rode klaver, scherpe boterbloem;Nee;Ja;Lineair;Midden;Geen;Stenigheid;NULL;NULL;;;NULL;;1, 5, 7, 13, 17, 21;;;;;M;M;;;Steekguts 30mm;Steekguts 30mm;;;;NA;NA;NA;;;;;;;;;;Geen staalnames van 30 - 100 cm door stenigheid
P1fefb5f;18/05/2022;P1fefb5f_22;Natuur;;;Heide;Struikgewas;Struikhei;Nee;Nee;;;Geen;Geen;NULL;NULL;;;NULL;;;;;;;M;M;M;M;Steekguts 30mm;Steekguts 30mm;Steekguts 25mm;Steekguts 20mm;;NA;NA;NA;Kopecky steekset 100cmü;Kopecky steekset 100cmü;Kopecky steekset 100cmü;Kopecky steekset 100cmü;;;;;;
P3add4aa;19/05/2022;P3add4aa_22;Natuur;;;Heide;Struikgewas;Struikhei, pijpenstrootje;Nee;Nee;;;Geen;Geen;NULL;NULL;;;NULL;;;;;;;M;M;M;M;Steekguts 30mm;Steekguts 30mm;Steekguts 25mm;Steekguts 20mm;;NA;NA;NA;Kopecky steekset 100cmü;Kopecky steekset 100cmü;Kopecky steekset 100cmü;Kopecky steekset 100cmü;;;;;;
P8e96cea;24/05/2022;P8e96cea_22;Natuur;;;Loofbos;Bos;Braam, riet, hondsroos, valse acacia, zwarte els;Nee;Nee;;;Geen;Boom, Verharding/constructie;3, 17;3;;;17;;;;;;;M;M;M;M;Steekguts 30mm;Steekguts 30mm;Steekguts 25mm;Steekguts 20mm;;NA;NA;NA;Kopecky steekset 100cmü;Kopecky steekset 100cmü;Kopecky steekset 100cmü;Kopecky steekset 100cmü;;;;;;
P21cfc59;25/05/2022;P21cfc59_22;Natuur;;;Halfnatuurlijk grasland;Grasland;Pijpenstrootje, struikheide, berk;Nee;Nee;;;Geen;Geen;NULL;NULL;;;NULL;;;;;;;M;M;M;M;Steekguts 30mm;Steekguts 30mm;Steekguts 25mm;Steekguts 20mm;;NA;NA;NA;Kopecky steekset 100cmü;Kopecky steekset 100cmü;Kopecky steekset 100cmü;Kopecky steekset 100cmü;;;;;;
Pb850138;31/05/2022;Pb850138_22;Natuur;;;Loofbos;Bos;Hazelaar, meidoorn, boswilg, brandnetel, vlier, schietwilg;Nee;Nee;;;Geen;Boom;13, 16;13, 16;;;NULL;;;;;;;M;M;M;M;Steekguts 30mm;Steekguts 30mm;Steekguts 25mm;Steekguts 20mm;;NA;NA;NA;Kopecky steekset 100cmü;Kopecky steekset 100cmü;Kopecky steekset 100cmü;Kopecky steekset 100cmü;;;;;;
P4b053d5;1/06/2022;P4b053d5_22;Bos;;;Naaldbos;Bos;Grove den, berk, lijsterbes, zomereik, vogelkers, gras;Nee;Nee;;;Geen;Geen;NULL;NULL;;;NULL;;;;;;;M;M;M;M;Steekguts 30mm;Steekguts 30mm;Steekguts 25mm;Steekguts 20mm;;NA;NA;NA;Kopecky steekset 100cmü;Kopecky steekset 100cmü;Kopecky steekset 100cmü;Kopecky steekset 100cmü;;;;;;
P5e53833;2/06/2022;P5e53833_22;Bos;;;Naaldbos;Bos;Grove den, Amerikaanse eik, braam, adelaarsvaren, wilde kamperfoelie;Nee;Nee;;;Geen;Geen;NULL;NULL;;;NULL;;;;;;;M;M;M;M;Steekguts 30mm;Steekguts 30mm;Steekguts 25mm;Steekguts 20mm;;NA;NA;NA;Kopecky steekset 100cmü;Kopecky steekset 100cmü;Kopecky steekset 100cmü;Kopecky steekset 100cmü;;;;;;
P8245763;7/06/2022;P8245763_22;Bos;;;Naaldbos;Bos;Grove den, lijsterbes, zomereik, braam;Nee;Nee;;;Geen;Boom, Verharding/constructie;2, 5, 6, 8, 10, 17, 18, 21, 22;8;;;2, 5, 6, 10, 17, 18, 21, 22;;;;;;;M;M;M;M;Steekguts 30mm;Steekguts 30mm;Steekguts 25mm;Steekguts 20mm;;NA;NA;NA;Kopecky steekset 100cmü;Kopecky steekset 100cmü;Kopecky steekset 100cmü;Kopecky steekset 100cmü;;;;;;
P96680c6;8/06/2022;P96680c6_22;Bos;;;Naaldbos;Bos;Zomereik, lijsterbes, Amerikaanse eik, tamme kastanje, struikhei, berk;Nee;Nee;;;Geen;Boom;7;7;;;NULL;;;;;;;M;M;M;M;Steekguts 30mm;Steekguts 30mm;Steekguts 25mm;Steekguts 20mm;;NA;NA;NA;Kopecky steekset 100cmü;Kopecky steekset 100cmü;Kopecky steekset 100cmü;Kopecky steekset 100cmü;;;;;;
P52e46be;9/06/2022;P52e46be_22;Bos;;;Naaldbos;Bos;Grove den, zomereik, adelaarsvaren, braam;Nee;Nee;;;Geen;Geen;NULL;NULL;;;NULL;;;;;;;M;M;M;M;Steekguts 30mm;Steekguts 30mm;Steekguts 25mm;Steekguts 20mm;;NA;NA;NA;Kopecky steekset 100cmü;Kopecky steekset 100cmü;Kopecky steekset 100cmü;Kopecky steekset 100cmü;;;;;;
P70fedfa;14/06/2022;P70fedfa_22;Natuur;;;Heide;Struikgewas;Struikhei, gras;Nee;Nee;;;Geen;Geen;NULL;NULL;;;NULL;;;;;;;M;M;M;M;Steekguts 30mm;Steekguts 30mm;Steekguts 25mm;Steekguts 20mm;;NA;NA;NA;Kopecky steekset 100cmü;Kopecky steekset 100cmü;Kopecky steekset 100cmü;Kopecky steekset 100cmü;;;;;;
P72c7b66;14/06/2022;P72c7b66_22;Natuur;;;Heide;Struikgewas;Struikhei, gras;Nee;Nee;;;Geen;Geen;NULL;NULL;;;NULL;;;;;;;M;M;M;M;Steekguts 30mm;Steekguts 30mm;Steekguts 25mm;Steekguts 20mm;;NA;NA;NA;Kopecky steekset 100cmü;Kopecky steekset 100cmü;Kopecky steekset 100cmü;Kopecky steekset 100cmü;;;;;;
P6f642ad;14/06/2022;P6f642ad_22;Natuur;;;Loofbos;Bos;Berk, grove den, struikhei, gras;Nee;Nee;;;Geen;Geen;NULL;NULL;;;NULL;;;;;;;M;M;M;M;Steekguts 30mm;Steekguts 30mm;Steekguts 25mm;Steekguts 20mm;;NA;NA;NA;Kopecky steekset 100cmü;Kopecky steekset 100cmü;Kopecky steekset 100cmü;Kopecky steekset 100cmü;;;;;;
P675999d;15/06/2022;P675999d_22;Bos;;;Loofbos;Bos;Zomereik, adelaarsvaren, lijsterbes, Amerikaanse vogelkers;Nee;Nee;;;Geen;Geen;NULL;NULL;;;NULL;;;;;;;M;M;M;M;Steekguts 30mm;Steekguts 30mm;Steekguts 25mm;Steekguts 20mm;;NA;NA;NA;Kopecky steekset 100cmü;Kopecky steekset 100cmü;Kopecky steekset 100cmü;Kopecky steekset 100cmü;;;;;;
P55eedca;16/06/2022;P55eedca_22;Bos;;;Loofbos;Bos;Berk, lijsterbes, zomereik, varen, braam;Nee;Nee;;;Geen;Geen;NULL;NULL;;;NULL;;;;;;;M;M;M;M;Steekguts 30mm;Steekguts 30mm;Steekguts 25mm;Steekguts 20mm;;NA;NA;NA;Kopecky steekset 100cmü;Kopecky steekset 100cmü;Kopecky steekset 100cmü;Kopecky steekset 100cmü;;;;;;
P2cad983;21/06/2022;P2cad983_22;Bos;;;Naaldbos;Bos;Grove den, rododendron, lijsterbes, varen;Nee;Nee;;;Geen;Geen;NULL;NULL;;;NULL;;;;;;;M;M;M;M;Steekguts 30mm;Steekguts 30mm;Steekguts 25mm;Steekguts 20mm;;NA;NA;NA;Kopecky steekset 100cmü;Kopecky steekset 100cmü;Kopecky steekset 100cmü;Kopecky steekset 100cmü;;;;;;
P8882b1a;22/06/2022;P8882b1a_22;Bos;;;Loofbos;Bos;Zomereik, Amerikaanse vogelkers, klimop, lijsterbes;Nee;Nee;;;Geen;Geen;NULL;NULL;;;NULL;;;;;;;M;M;M;M;Steekguts 30mm;Steekguts 30mm;Steekguts 25mm;Steekguts 20mm;;NA;NA;NA;Kopecky steekset 100cmü;Kopecky steekset 100cmü;Kopecky steekset 100cmü;Kopecky steekset 100cmü;;;;;;
P5754cd4;24/06/2022;P5754cd4_22;Bos;;;Loofbos;Bos;Boswilg, Amerikaanse vogelkers, gras, varen;Nee;Nee;;;Geen;Boom;2, 5, 13;2, 5, 13;;;NULL;;;;;;;M;M;M;M;Steekguts 30mm;Steekguts 30mm;Steekguts 25mm;Steekguts 20mm;;NA;NA;NA;Kopecky steekset 100cmü;Kopecky steekset 100cmü;Kopecky steekset 100cmü;Kopecky steekset 100cmü;;;;;;
P6069ace;24/06/2022;P6069ace_22;Natuur;;;Ruigte en struweel;Struikgewas;grove den, zomereik, berk, gras;Nee;Nee;;;Geen;Geen;NULL;NULL;;;NULL;;;;;;;M;M;M;M;Steekguts 30mm;Steekguts 30mm;Steekguts 25mm;Steekguts 20mm;;NA;NA;NA;Kopecky steekset 100cmü;Kopecky steekset 100cmü;Kopecky steekset 100cmü;Kopecky steekset 100cmü;;;;;;
P65be79f;28/06/2022;P65be79f_22;Bos;;;Naaldbos;Bos;grove den, berk, varen, mos;Nee;Ja;Lineair;Midden;Geen;Geen;NULL;NULL;;;NULL;;;;;;;M;M;M;M;Steekguts 30mm;Steekguts 30mm;Steekguts 25mm;Steekguts 20mm;;NA;NA;NA;Kopecky steekset 100cmü;Kopecky steekset 100cmü;Kopecky steekset 100cmü;Kopecky steekset 100cmü;;;;;;
P6bef215;28/06/2022;P6bef215_22;Natuur;;;Naaldbos;Bos;Grove den, struikhei, kruipbrem;Nee;Nee;;;Geen;Geen;NULL;NULL;;;NULL;;;;;;;M;M;M;M;Steekguts 30mm;Steekguts 30mm;Steekguts 25mm;Steekguts 20mm;;NA;NA;NA;Kopecky steekset 100cmü;Kopecky steekset 100cmü;Kopecky steekset 100cmü;Kopecky steekset 100cmü;;;;;;
P7109e0a;5/07/2022;P7109e0a_22;Natuur;;;Loofbos;Bos;Zomereik, Amerikaanse vogelkers, gras;Nee;Nee;;;Geen;Geen;NULL;NULL;;;NULL;;;;;;;M;M;M;M;Steekguts 30mm;Steekguts 30mm;Steekguts 25mm;Steekguts 20mm;;NA;NA;NA;Kopecky steekset 100cmü;Kopecky steekset 100cmü;Kopecky steekset 100cmü;Kopecky steekset 100cmü;;;;;;
P82c6a41;6/07/2022;P82c6a41_22;Natuur;;;Halfnatuurlijk grasland;Grasland;gras, hondsroos, meidoorn, vijfvingerkruid;Nee;Ja;Lineair;Midden;Geen;Stenigheid;1, 5, 7, 13, 17, 21;NULL;;;NULL;;1, 5, 7, 13, 17, 21;;;;;M;M;M;M;;;;;;NA;NA;NA;;;;;;;;;;
P75ffa36;7/07/2022;P75ffa36_22;Natuur;;;Loofbos;Bos;Gewone esdoorn, es, boswilg, reuzenbalsemien, brandnetel, kleefkruid;Nee;Nee;;;Geen;Boom;1, 2, 5, 7, 13, 17, 19, 23, 24, 25, 26;1, 2, 5, 7, 13, 17, 19, 23, 24, 25, 26;;;NULL;;;;;;;M;M;M;M;Steekguts 30mm;Steekguts 30mm;Steekguts 25mm;Steekguts 20mm;;NA;NA;NA;Kopecky steekset 100cmü;Kopecky steekset 100cmü;Kopecky steekset 100cmü;Kopecky steekset 100cmü;;;;;;
P6909fa7;12/07/2022;P6909fa7_22;Bos;;;Loofbos;Bos;Zomereik, lijsterbes, varen, braam, berk;Nee;Nee;;;Geen;Geen;NULL;NULL;;;NULL;;;;;;;M;M;M;M;Steekguts 30mm;Steekguts 30mm;Steekguts 25mm;Steekguts 20mm;;NA;NA;NA;Kopecky steekset 100cmü;Kopecky steekset 100cmü;Kopecky steekset 100cmü;Kopecky steekset 100cmü;;;;;;
P4bb2950;13/07/2022;P4bb2950_22;Bos;;;Loofbos;Bos;gele dovenetel, braam, gewone esdoorn, lijsterbes, klimop, berk, zwarte els;Nee;Ja;Concaaf;Midden;Geen;Geen;NULL;NULL;;;NULL;;;;;;;M;M;M;M;Steekguts 30mm;Steekguts 30mm;Steekguts 25mm;Steekguts 20mm;;NA;NA;NA;Kopecky steekset 100cmü;Kopecky steekset 100cmü;Kopecky steekset 100cmü;Kopecky steekset 100cmü;;;;;;
P76e2a1d;14/07/2022;P76e2a1d_22;Ruimtebeslag parken en recreatiedomeinen;;;Loofbos;Bos;Hulst, taxus, gewone esdoorn, Amerikaanse eik;Nee;Nee;;;Geen;Geen;NULL;NULL;;;NULL;;;;;;;M;M;M;M;Steekguts 30mm;Steekguts 30mm;Steekguts 25mm;Steekguts 20mm;;NA;NA;NA;Kopecky steekset 100cmü;Kopecky steekset 100cmü;Kopecky steekset 100cmü;Kopecky steekset 100cmü;;;;;;
P94471b9;23/08/2022;P94471b9_22;Natuur;;;Halfnatuurlijk grasland;Grasland;Smalle weegbree, paardenbloem, rode klaver, ridderzuring, grassen;Nee;Ja;Concaaf;Midden;Geen;Geen;NULL;NULL;;;NULL;;;;;;;M;M;M;M;Steekguts 30mm;Steekguts 30mm;Steekguts 25mm;Steekguts 20mm;;NA;NA;NA;Kopecky steekset 100cmü;Kopecky steekset 100cmü;Kopecky steekset 100cmü;Kopecky steekset 100cmü;;;;;;
P522e1e5;24/08/2022;P522e1e5_22;Bos;;;Naaldbos;Bos;Grove den, Amerikaanse vogelkers, zomereik, lijsterbes, grassen, mossen;Nee;Nee;;;Geen;Geen;NULL;NULL;;;NULL;;;;;;;M;M;M;M;Steekguts 30mm;Steekguts 30mm;Steekguts 25mm;Steekguts 20mm;;NA;NA;NA;Kopecky steekset 100cmü;Kopecky steekset 100cmü;Kopecky steekset 100cmü;Kopecky steekset 100cmü;;;;;;
Pb964802;26/08/2022;Pb964802_22;Bos;;;Loofbos;Bos;Zwarte els, varen, riet, zwarte bes, groot heksenkruid;Ja;Nee;;;Geen;Geen;NULL;NULL;;;NULL;;;;;;;M;M;M;M;Steekguts 30mm;Steekguts 30mm;Steekguts 25mm;Steekguts 20mm;;NA;NA;NA;Kopecky steekset 100cmü;Kopecky steekset 100cmü;Kopecky steekset 100cmü;Kopecky steekset 100cmü;;;;;;
P9295b59;30/08/2022;P9295b59_22;Bos;;;Loofbos;Bos;Amerikaans krentenboompje, zomereik, tamme kastanje, hazelaar, klimop, braam;Nee;Ja;Convex;Midden;Geen;Boom;5, 6;5, 6;;;NULL;;;;;;;M;M;M;M;Steekguts 30mm;Steekguts 30mm;Steekguts 25mm;Steekguts 20mm;;NA;NA;NA;Kopecky steekset 100cmü;Kopecky steekset 100cmü;Kopecky steekset 100cmü;Kopecky steekset 100cmü;;;;;;
P5a2b29f;1/09/2022;P5a2b29f_22;Bos;;;Loofbos;Bos;Zomereik, berk, braam;Nee;Nee;;;Geen;Boom;12;12;;;NULL;;;;;;;M;M;M;M;Steekguts 30mm;Steekguts 30mm;Steekguts 25mm;Steekguts 20mm;;NA;NA;NA;Kopecky steekset 100cmü;Kopecky steekset 100cmü;Kopecky steekset 100cmü;Kopecky steekset 100cmü;;;;;;
P839b36c;6/09/2022;P839b36c_22;Ruimtebeslag parken en recreatiedomeinen;;;Loofbos;Bos;Zomereik, hazelaar, klimop, gewone esdoorn, sleedoorn, braam;Nee;Nee;;;Geen;Geen;NULL;NULL;;;NULL;;;;;;;M;M;M;M;Steekguts 30mm;Steekguts 30mm;Steekguts 25mm;Steekguts 20mm;;NA;NA;NA;Kopecky steekset 100cmü;Kopecky steekset 100cmü;Kopecky steekset 100cmü;Kopecky steekset 100cmü;;;;;;
P6f07424;7/09/2022;P6f07424_22;Natuur;;;Cultuurgrasland permanent;Grasland;Gras;Nee;Nee;;;Geen;Geen;NULL;NULL;;;NULL;;;;;;;M;M;M;M;Steekguts 30mm;Steekguts 30mm;Steekguts 25mm;Steekguts 20mm;;NA;NA;NA;Kopecky steekset 100cmü;Kopecky steekset 100cmü;Kopecky steekset 100cmü;Kopecky steekset 100cmü;;;;;;
P615abbf;8/09/2022;P615abbf_22;Bos;;;Ruigte en struweel;Struikgewas;Hop, braam, smeerwortel, vlier, brandnetel;Nee;Ja;Concaaf;Midden;Geen;Geen;NULL;NULL;;;NULL;;;;;;;M;M;M;M;Steekguts 30mm;Steekguts 30mm;Steekguts 25mm;Steekguts 20mm;;NA;NA;NA;Kopecky steekset 100cmü;Kopecky steekset 100cmü;Kopecky steekset 100cmü;Kopecky steekset 100cmü;;;;;;
P780e937;8/09/2022;P780e937_22;Bos;;;Loofbos;Bos;Zomereik, gewone es, wilg, brandnetel, vlier;Nee;Nee;;;Geen;Geen;NULL;NULL;;;NULL;;;;;;;M;M;M;M;Steekguts 30mm;Steekguts 30mm;Steekguts 25mm;Steekguts 20mm;;NA;NA;NA;Kopecky steekset 100cmü;Kopecky steekset 100cmü;Kopecky steekset 100cmü;Kopecky steekset 100cmü;;;;;;
P6ef61fe;13/09/2022;P6ef61fe_22;Bos;;;Naaldbos;Bos;Grove den, mos, berk, hulst, Amerikaanse vogelkers;Nee;Nee;;;Geen;Geen;NULL;NULL;;;NULL;;;;;;;M;M;M;M;Steekguts 30mm;Steekguts 30mm;Steekguts 25mm;Steekguts 20mm;;NA;NA;NA;Kopecky steekset 100cmü;Kopecky steekset 100cmü;Kopecky steekset 100cmü;Kopecky steekset 100cmü;;;;;;
Pc17167e;14/09/2022;Pc17167e_22;Bos;;;Loofbos;Bos;Haagbeuk, vlier, brandnetel;Nee;Ja;Concaaf;Midden;Geen;Geen;NULL;NULL;;;NULL;;;;;;;M;M;M;;Steekguts 30mm;Steekguts 30mm;Steekguts 25mm;;;NA;NA;NA;Kopecky steekset 100cmü;Kopecky steekset 100cmü;Kopecky steekset 100cmü;;;;;;Stenen/rotsen;
Pa300520;15/09/2022;Pa300520_22;Natuur;;;Loofbos;Bos;Meidoorn, boskers, braam, brandnetel, gras;Nee;Ja;Concaaf;Midden;Geen;Geen;NULL;NULL;;;NULL;;;;;;;M;M;M;M;Steekguts 30mm;Steekguts 30mm;Steekguts 25mm;Steekguts 20mm;;NA;NA;NA;Kopecky steekset 100cmü;Kopecky steekset 100cmü;Kopecky steekset 100cmü;Kopecky steekset 100cmü;;;;;;
Pa15fda9;16/09/2022;Pa15fda9_22;Natuur;;;Ruigte en struweel;Struikgewas;Meidoorn, schietwilg, braam, rosa spp.;Nee;Nee;;;Geen;Boom;15;15;;;NULL;;;;;;;M;M;M;M;Steekguts 30mm;Steekguts 30mm;Steekguts 25mm;Steekguts 20mm;;NA;NA;NA;Kopecky steekset 100cmü;Kopecky steekset 100cmü;Kopecky steekset 100cmü;Kopecky steekset 100cmü;;;;;;
P767a8ee;20/09/2022;P767a8ee_22;Natuur;;;Loofbos;Bos;Zomereik, gewone es, sporkehout, braam;Nee;Nee;;;Geen;Geen;NULL;NULL;;;NULL;;;;;;;M;M;M;M;Steekguts 30mm;Steekguts 30mm;Steekguts 25mm;Steekguts 20mm;;NA;NA;NA;Kopecky steekset 100cmü;Kopecky steekset 100cmü;Kopecky steekset 100cmü;Kopecky steekset 100cmü;;Stenen/rotsen;Stenen/rotsen;;Stenen/rotsen;
P920b466;21/09/2022;P920b466_22;Bos;;;Loofbos;Bos;Hazelaar, meidoorn, iep, braam, klimop, Amerikaanse eik, populier, gewone es;Nee;Nee;;;Geen;Geen;NULL;NULL;;;NULL;;;;;;;M;M;M;M;Steekguts 30mm;Steekguts 30mm;Steekguts 25mm;Steekguts 20mm;;NA;NA;NA;Kopecky steekset 100cmü;Kopecky steekset 100cmü;Kopecky steekset 100cmü;Kopecky steekset 100cmü;;;;;;
P90f59a5;21/09/2022;P90f59a5_22;Bos;;;Loofbos;Bos;Boskers, gewone es, varen, mos, zomereik, pitrus;Nee;Nee;;;Geen;Geen;NULL;NULL;;;NULL;;;;;;;M;M;M;M;Steekguts 30mm;Steekguts 30mm;Steekguts 25mm;Steekguts 20mm;;NA;NA;NA;Kopecky steekset 100cmü;Kopecky steekset 100cmü;Kopecky steekset 100cmü;Kopecky steekset 100cmü;;;;;;
P7bdcc8a;22/09/2022;P7bdcc8a_22;Bos;;;Naaldbos;Bos;Grove den, Amerikaanse vogelkers, lijsterbes, mossen, varens;Nee;Nee;;;Geen;Geen;NULL;NULL;;;NULL;;;;;;;M;M;M;M;Steekguts 30mm;Steekguts 30mm;Steekguts 25mm;Steekguts 20mm;;NA;NA;NA;Kopecky steekset 100cmü;Kopecky steekset 100cmü;Kopecky steekset 100cmü;Kopecky steekset 100cmü;;;;;;
P5d44ff6;23/09/2022;P5d44ff6_22;Bos;;;Naaldbos;Bos;Grove den, lijsterbes, Amerikaanse vogelkers, Amerikaanse eik;Nee;Nee;;;Geen;Geen;NULL;NULL;;;NULL;;;;;;;M;M;M;M;Steekguts 30mm;Steekguts 30mm;Steekguts 25mm;Steekguts 20mm;;NA;NA;NA;Kopecky steekset 100cmü;Kopecky steekset 100cmü;Kopecky steekset 100cmü;Kopecky steekset 100cmü;;;;;;
P80f2146;27/09/2022;P80f2146_22;Bos;;;Naaldbos;Bos;Grove den, Amerikaanse eik, Amerikaanse vogelkers, zomereik, blauwe bosbes;Nee;Nee;;;Geen;Geen;NULL;NULL;;;NULL;;;;;;;M;M;M;M;Steekguts 30mm;Steekguts 30mm;Steekguts 25mm;Steekguts 20mm;;NA;NA;NA;Kopecky steekset 100cmü;Kopecky steekset 100cmü;Kopecky steekset 100cmü;Kopecky steekset 100cmü;;;;;;
P57f541f;28/09/2022;P57f541f_22;Ruimtebeslag parken en recreatiedomeinen;;;Ruigte en struweel;Struikgewas;sneeuwbes, vlier, klimop, gras;Nee;Nee;;;Geen;Boom;10;10;;;NULL;;;;;;;M;M;M;M;Steekguts 30mm;Steekguts 30mm;Steekguts 25mm;Steekguts 20mm;;NA;NA;NA;Kopecky steekset 100cmü;Kopecky steekset 100cmü;Kopecky steekset 100cmü;Kopecky steekset 100cmü;;;;;;
P94ecd30;29/09/2022;P94ecd30_22;Bos;;;Populieren;Bos;Populier, schietwilg, meidoorn, dauwbraam, wilgenroosje, brandnetel, riet, wolfspoot, smeerwortel;Nee;Nee;;;Geen;Boom;2;2;;;NULL;;;;;;;M;M;M;M;Steekguts 30mm;Steekguts 30mm;Steekguts 25mm;Steekguts 20mm;;NA;NA;NA;Kopecky steekset 100cmü;Kopecky steekset 100cmü;Kopecky steekset 100cmü;Kopecky steekset 100cmü;;;;;;
P374ad9e;4/10/2022;P374ad9e_22;Bos;;;Loofbos;Bos;Amerikaanse eik, rhododendron;Nee;Nee;;;Geen;Geen;NULL;NULL;;;NULL;;;;;;;M&O;M;M;M;Steekguts 30mm;Steekguts 30mm;Steekguts 25mm;Steekguts 20mm;;NA;NA;NA;Kopecky steekset 100cmü;Kopecky steekset 100cmü;Kopecky steekset 100cmü;Kopecky steekset 100cmü;;;;;;
P410d477;5/10/2022;P410d477_22;Bos;;;Naaldbos;Bos;Grove den, lijsterbes, rhododendron, varens, mos, blauwe bosbes, Amerikaanse vogelkers;Nee;Nee;;;Geen;Boom;11;11;;;NULL;;;;;;;M;M;M;M;Steekguts 30mm;Steekguts 30mm;Steekguts 25mm;Steekguts 20mm;;NA;NA;NA;Kopecky steekset 100cmü;Kopecky steekset 100cmü;Kopecky steekset 100cmü;Kopecky steekset 100cmü;;;;;;
P6464a6a;6/10/2022;P6464a6a_22;Natuur;;;Loofbos;Bos;Gewone esdoorn, vlier, kardinaalsmuts, aalbes, brandnetel;Nee;Nee;;;Geen;Geen;NULL;NULL;;;NULL;;;;;;;M;M;M;M;Steekguts 30mm;Steekguts 30mm;Steekguts 25mm;Steekguts 20mm;;NA;NA;NA;Kopecky steekset 100cmü;Kopecky steekset 100cmü;Kopecky steekset 100cmü;Kopecky steekset 100cmü;;;;;;
P4e9e8e4;6/10/2022;P4e9e8e4_22;Bos;;;Naaldbos;Bos;Grove den, Amerikaanse vogelkers, lijsterbes, hulst, braam;Nee;Nee;;;Geen;Geen;NULL;NULL;;;NULL;;;;;;;M;M;M;M;Steekguts 30mm;Steekguts 30mm;Steekguts 25mm;Steekguts 20mm;;NA;NA;NA;Kopecky steekset 100cmü;Kopecky steekset 100cmü;Kopecky steekset 100cmü;Kopecky steekset 100cmü;;;;;;
Pb9b3afa;7/10/2022;Pb9b3afa_22;Bos;;;Loofbos;Bos;Gewone beuk, braam;Nee;Ja;Concaaf;Midden;Geen;Geen;NULL;NULL;;;NULL;;;;;;;M&O;M;M;M;Steekguts 30mm;Steekguts 30mm;Steekguts 25mm;Steekguts 20mm;;NA;NA;NA;Kopecky steekset 100cmü;Kopecky steekset 100cmü;Kopecky steekset 100cmü;Kopecky steekset 100cmü;;;;;;
P251c1e0;11/10/2022;P251c1e0_22;Natuur;;;Loofbos;Bos;Berk, zwarte els, populier, braam, varens, pitrus, boswilg;Nee;Nee;;;Geen;Geen;NULL;NULL;;;NULL;;;;;;;M;M;M;M;Steekguts 30mm;Steekguts 30mm;Steekguts 25mm;Steekguts 20mm;;NA;NA;NA;Kopecky steekset 100cmü;Kopecky steekset 100cmü;Kopecky steekset 100cmü;Kopecky steekset 100cmü;;;;;;
P27cc4a3;11/10/2022;P27cc4a3_22;Bos;;;Loofbos;Bos;Berk, zomereik, braam, varen, mos;Nee;Nee;;;Geen;Geen;NULL;NULL;;;NULL;;;;;;;M;M;M;M;Steekguts 30mm;Steekguts 30mm;Steekguts 25mm;Steekguts 20mm;;NA;NA;NA;Kopecky steekset 100cmü;Kopecky steekset 100cmü;Kopecky steekset 100cmü;Kopecky steekset 100cmü;;;;;;
P3ff287f;12/10/2022;P3ff287f_22;Bos;;;Loofbos;Bos;Zwarte els, vlier, brandnetel, braam, hop;Nee;Nee;;;Geen;Geen;NULL;NULL;;;NULL;;;;;;;M&O;M&O;M;M;Steekguts 30mm;Steekguts 30mm;Steekguts 25mm;Steekguts 20mm;;NA;NA;NA;Kopecky steekset 100cmü;Kopecky steekset 100cmü;Kopecky steekset 100cmü;Kopecky steekset 100cmü;;;;;;
P266bcda;13/10/2022;P266bcda_22;Bos;;;Naaldbos;Bos;Grove den, gras;Nee;Nee;;;Geen;Geen;NULL;NULL;;;NULL;;;;;;;M&O;M;M;M;Steekguts 30mm;Steekguts 30mm;Steekguts 25mm;Steekguts 20mm;;NA;NA;NA;Kopecky steekset 100cmü;Kopecky steekset 100cmü;Kopecky steekset 100cmü;Kopecky steekset 100cmü;;;;;;
P4089eb0;14/10/2022;P4089eb0_22;Bos;;;Loofbos;Bos;Lijsterbes, zomereik, varen, mos, blauwe bosbes;Nee;Nee;;;Geen;Geen;NULL;NULL;;;NULL;;;;;;;M&O;M;M;M;Steekguts 30mm;Steekguts 30mm;Steekguts 25mm;Steekguts 20mm;;NA;NA;NA;Kopecky steekset 100cmü;Kopecky steekset 100cmü;Kopecky steekset 100cmü;Kopecky steekset 100cmü;;;;;;
P6938634;18/10/2022;P6938634_22;Bos;;;Naaldbos;Bos;Grove den, braam, zomereik;Nee;Nee;;;Geen;Geen;NULL;NULL;;;NULL;;;;;;;M;M;M;M;Steekguts 30mm;Steekguts 30mm;Steekguts 25mm;Steekguts 20mm;;NA;NA;NA;Kopecky steekset 100cmü;Kopecky steekset 100cmü;Kopecky steekset 100cmü;Kopecky steekset 100cmü;;;;;;
P6d720f5;18/10/2022;P6d720f5_22;Ruimtebeslag parken en recreatiedomeinen;;;Cultuurgrasland permanent;Grasland;Gras, duizendblad;Nee;Nee;;;Geen;Geen;NULL;NULL;;;NULL;;;;;;;M;M;M;M;Steekguts 30mm;Steekguts 30mm;Steekguts 25mm;Steekguts 20mm;;NA;NA;NA;Kopecky steekset 100cmü;Kopecky steekset 100cmü;Kopecky steekset 100cmü;Kopecky steekset 100cmü;;;;;;
P4728313;19/10/2022;P4728313_22;Bos;;;Naaldbos;Bos;Grove den, tamme kastanje, valse acacia, Amerikaanse vogelkers, braam, lijsterbes;Nee;Nee;;;Geen;Geen;NULL;NULL;;;NULL;;;;;;;M;M;M;M;Steekguts 30mm;Steekguts 30mm;Steekguts 25mm;Steekguts 20mm;;NA;NA;NA;Kopecky steekset 100cmü;Kopecky steekset 100cmü;Kopecky steekset 100cmü;Kopecky steekset 100cmü;;;;;;
P9533d9b;20/10/2022;P9533d9b_22;Bos;;;Loofbos;Bos;Populier, vlier, lijsterbes, gewone es, braam, klimop, hazelaar;Nee;Nee;;;Geen;Geen;NULL;NULL;;;NULL;;;;;;;M;M;M;M;Steekguts 30mm;Steekguts 30mm;Steekguts 25mm;Steekguts 20mm;;NA;NA;NA;Kopecky steekset 100cmü;Kopecky steekset 100cmü;Kopecky steekset 100cmü;Kopecky steekset 100cmü;;;;;;
P8907fc9;21/10/2022;P8907fc9_22;Bos;;;Naaldbos;Bos;Grove den, Amerikaanse vogelkers, Amerikaanse eik, gras, mos;Nee;Nee;;;Geen;Geen;NULL;NULL;;;NULL;;;;;;;M;M;M;M;Steekguts 30mm;Steekguts 30mm;Steekguts 25mm;Steekguts 20mm;;NA;NA;NA;Kopecky steekset 100cmü;Kopecky steekset 100cmü;Kopecky steekset 100cmü;Kopecky steekset 100cmü;;;;;;
P80b04d0;25/10/2022;P80b04d0_22;Bos;;;Populieren;Bos;Populier, boswilg, zomereik;Nee;Nee;;;Geen;Geen;NULL;NULL;;;NULL;;;;;;;M;M;M;M;Steekguts 30mm;Steekguts 30mm;Steekguts 25mm;Steekguts 20mm;;NA;NA;NA;Kopecky steekset 100cmü;Kopecky steekset 100cmü;Kopecky steekset 100cmü;Kopecky steekset 100cmü;;;;;;
P6ab8e42;26/10/2022;P6ab8e42_22;Bos;;;Naaldbos;Bos;Grove den, zomereik, berk, hazelaar, braam, varens;Nee;Nee;;;Geen;Geen;NULL;NULL;;;NULL;;;;;;;M;M;M;M;Steekguts 30mm;Steekguts 30mm;Steekguts 25mm;Steekguts 20mm;;NA;NA;NA;Kopecky steekset 100cmü;Kopecky steekset 100cmü;Kopecky steekset 100cmü;Kopecky steekset 100cmü;;;;;;
P6645ce0;27/10/2022;P6645ce0_22;Bos;;;Populieren;Bos;Populieren, berk, hazelaar, gewone esdoorn, braam, kruipend zenegroen, brandnetel;Nee;Nee;;;Geen;Geen;NULL;NULL;;;NULL;;;;;;;M;M;M;M;Steekguts 30mm;Steekguts 30mm;Steekguts 25mm;Steekguts 20mm;;NA;NA;NA;Kopecky steekset 100cmü;Kopecky steekset 100cmü;Kopecky steekset 100cmü;Kopecky steekset 100cmü;;;;;;
P6a90ae9;27/10/2022;P6a90ae9_22;Bos;;;Naaldbos;Bos;Lork, varen;Nee;Ja;Concaaf;Midden;Geen;Geen;NULL;NULL;;;NULL;;;;;;;M;M;M;M;Steekguts 30mm;Steekguts 30mm;Steekguts 25mm;Steekguts 20mm;;NA;NA;NA;Kopecky steekset 100cmü;Kopecky steekset 100cmü;Kopecky steekset 100cmü;Kopecky steekset 100cmü;;;;;;
P66a8369;28/10/2022;P66a8369_22;Bos;;;Naaldbos;Bos;Lork, Amerikaanse eik, berk, zomereik, braam, varen;Nee;Ja;Lineair;Midden;Geen;Geen;NULL;NULL;;;NULL;;;;;;;M;M;M;M;Steekguts 30mm;Steekguts 30mm;Steekguts 25mm;Steekguts 20mm;;NA;NA;NA;Kopecky steekset 100cmü;Kopecky steekset 100cmü;Kopecky steekset 100cmü;Kopecky steekset 100cmü;;;;;;
P98085bf;3/11/2022;P98085bf_22;Bos;;;Loofbos;Bos;Amerikaanse eik, berk;Nee;Nee;;;Geen;Geen;NULL;NULL;;;NULL;;;;;;;M;M;M;M;Steekguts 30mm;Steekguts 30mm;Steekguts 25mm;Steekguts 20mm;;NA;NA;NA;Kopecky steekset 100cmü;Kopecky steekset 100cmü;Kopecky steekset 100cmü;Kopecky steekset 100cmü;;;;;;
P8f6b7de;9/11/2022;P8f6b7de_22;Bos;;;Populieren;Bos;Populier, braam, zwarte els, gewone es, iep;Nee;Nee;;;Geen;Geen;NULL;NULL;;;NULL;;;;;;;M;M;M;M;Steekguts 30mm;Steekguts 30mm;Steekguts 25mm;Steekguts 20mm;;NA;NA;NA;Kopecky steekset 100cmü;Kopecky steekset 100cmü;Kopecky steekset 100cmü;Kopecky steekset 100cmü;;;;;;
P6761bc1;16/11/2022;P6761bc1_22;Natuur;;;Halfnatuurlijk grasland;Grasland;Gras, klaver, jacobskruiskruid;Nee;Nee;;;Geen;Geen;NULL;NULL;;;NULL;;;;;;;M;M;M;M;Steekguts 30mm;Steekguts 30mm;Steekguts 25mm;Steekguts 20mm;;NA;NA;NA;Kopecky steekset 100cmü;Kopecky steekset 100cmü;Kopecky steekset 100cmü;Kopecky steekset 100cmü;;;;;;
Pba7e725;17/11/2022;Pba7e725_22;Bos;;;Loofbos;Bos;Beuk, braam, varens, equisetum;Nee;Ja;Convex;Onder;Geen;Boom;11;11;;;NULL;;;;;;;M;M;M;M;Steekguts 30mm;Steekguts 30mm;Steekguts 25mm;Steekguts 20mm;;NA;NA;NA;Kopecky steekset 100cmü;Kopecky steekset 100cmü;Kopecky steekset 100cmü;Kopecky steekset 100cmü;;Watertafel;Watertafel;Watertafel;Watertafel;INBO/ILVO intercalibratie
P5de602c;18/11/2022;P5de602c_22;Natuur;;;Halfnatuurlijk grasland;Grasland;Riet, gras, brandnetel;Ja;Nee;;;Geen;Geen;NULL;NULL;;;NULL;;;;;;;M;M;M;M;Steekguts 30mm;Steekguts 30mm;Steekguts 25mm;Steekguts 20mm;;NA;NA;NA;Kopecky steekset 100cmü;Kopecky steekset 100cmü;Kopecky steekset 100cmü;Kopecky steekset 100cmü;;;;Watertafel;Watertafel;
P40b3c71;22/11/2022;P40b3c71_22;Natuur;;;Kustduin;Braakliggend en duinen;Bezemkruiskruid, zandzegge, mos, populier,;Nee;Nee;;;Geen;Geen;NULL;NULL;;;NULL;;;;;;;M;M;M;M;Steekguts 30mm;Steekguts 30mm;Steekguts 25mm;Steekguts 20mm;;NA;NA;NA;Kopecky steekset 100cmü;Kopecky steekset 100cmü;Kopecky steekset 100cmü;Kopecky steekset 100cmü;;;;;;
P424aecd;23/11/2022;P424aecd_22;Natuur;;;Halfnatuurlijk grasland;Grasland;Bezemkruiskruid, gras, mos;Nee;Nee;;;Geen;Geen;NULL;NULL;;;NULL;;;;;;;M;M;M;M;Steekguts 30mm;Steekguts 30mm;Steekguts 25mm;Steekguts 20mm;;NA;NA;NA;Kopecky steekset 100cmü;Kopecky steekset 100cmü;Kopecky steekset 100cmü;Kopecky steekset 100cmü;;;;;;
P22c1e7a;25/11/2022;P22c1e7a_22;Natuur;;;Halfnatuurlijk grasland;Grasland;Pijpenstrootje, dophei;Nee;Nee;;;Geen;Geen;NULL;NULL;;;NULL;;;;;;;M;M;M;M;Steekguts 30mm;Steekguts 30mm;Steekguts 25mm;Steekguts 20mm;;NA;NA;NA;Kopecky steekset 100cmü;Kopecky steekset 100cmü;Kopecky steekset 100cmü;Kopecky steekset 100cmü;;;;;;
Pa37b2b9;29/11/2022;Pa37b2b9_22;Natuur;;;Loofbos;Bos;Wintereik, gewone es, braam, gras;Nee;Nee;;;Geen;Geen;NULL;NULL;;;NULL;;;;;;;M;M;M;M;Steekguts 30mm;Steekguts 30mm;Steekguts 25mm;Steekguts 20mm;;NA;NA;NA;Kopecky steekset 100cmü;Kopecky steekset 100cmü;Kopecky steekset 100cmü;Kopecky steekset 100cmü;;;;;;
Pa2fb9d5;30/11/2022;Pa2fb9d5_22;Natuur;;;Cultuurgrasland permanent;Grasland;Gras;Nee;Ja;Lineair;Midden;Geen;Geen;NULL;NULL;;;NULL;;;;;;;M;M;M;M;Steekguts 30mm;Steekguts 30mm;Steekguts 25mm;Steekguts 20mm;;NA;NA;NA;Kopecky steekset 100cmü;Kopecky steekset 100cmü;Kopecky steekset 100cmü;Kopecky steekset 100cmü;;;;;;
P38fd1a9;2/12/2022;P38fd1a9_22;Natuur;;;Heide;Struikgewas;Blauwe bosbes, struikhei, dophei, pijpenstrootje, zomereik, berk, grove den;Nee;Nee;;;Geen;Geen;NULL;NULL;;;NULL;;;;;;;M;M;M;M;Steekguts 30mm;Steekguts 30mm;Steekguts 25mm;Steekguts 20mm;;NA;NA;NA;Kopecky steekset 100cmü;Kopecky steekset 100cmü;Kopecky steekset 100cmü;Kopecky steekset 100cmü;;;;;;
P3e1db9a;6/12/2022;P3e1db9a_22;Bos;;;Loofbos;Bos;Amerikaanse eik, hulst;Nee;Nee;;;Geen;Geen;NULL;NULL;;;NULL;;;;;;;M;M;M;M;Steekguts 30mm;Steekguts 30mm;Steekguts 25mm;Steekguts 20mm;;NA;NA;NA;Kopecky steekset 100cmü;Kopecky steekset 100cmü;Kopecky steekset 100cmü;Kopecky steekset 100cmü;;;;;;
P8efdaef;7/12/2022;P8efdaef_22;Bos;;;Loofbos;Bos;Zwarte els, hazelaar, braam;Nee;Nee;;;Geen;Geen;NULL;NULL;;;NULL;;;;;;;M;M;M;M;Steekguts 30mm;Steekguts 30mm;Steekguts 25mm;Steekguts 20mm;;NA;NA;NA;Kopecky steekset 100cmü;Kopecky steekset 100cmü;Kopecky steekset 100cmü;Kopecky steekset 100cmü;;;;;;
P41a4a16;8/12/2022;P41a4a16_22;Bos;4, 11, 14, 15, 19;Natuur;Loofbos;Bos;Zomereik, braam, brandnetel, gras;Nee;Nee;;;Geen;Geen;NULL;NULL;;;NULL;;;;;;;M;M;M;M;Steekguts 30mm;Steekguts 30mm;Steekguts 25mm;Steekguts 20mm;;NA;NA;NA;Kopecky steekset 100cmü;Kopecky steekset 100cmü;Kopecky steekset 100cmü;Kopecky steekset 100cmü;;;;;;
P34ec378;9/12/2022;P34ec378_22;Bos;;;Naaldbos;Bos;Grove den, kardinaalsmuts, braam, brandnetel,;Nee;Nee;;;Geen;Boom;15;15;;;NULL;;;;;;;M&O;M;M;M;Steekguts 30mm;Steekguts 30mm;Steekguts 25mm;Steekguts 20mm;;NA;NA;NA;Kopecky steekset 100cmü;Kopecky steekset 100cmü;Kopecky steekset 100cmü;Kopecky steekset 100cmü;;;;;;
P6173d58;13/12/2022;P6173d58_22;Bos;;;Naaldbos;Bos;Amerikaanse eik, grove den, varen, mos;Nee;Nee;;;Geen;Geen;NULL;NULL;;;NULL;;;;;;;M;M;M;M;Steekguts 30mm;Steekguts 30mm;Steekguts 25mm;Steekguts 20mm;;NA;NA;NA;Kopecky steekset 100cmü;Kopecky steekset 100cmü;Kopecky steekset 100cmü;Kopecky steekset 100cmü;;;;;;
P66a5c2c;14/12/2022;P66a5c2c_22;Bos;;;Naaldbos;Bos;Grove den, lijsterbes, Amerikaanse vogelkers, varen, braam;Nee;Nee;;;Geen;Insporing;2, 6, 9, 14, 17, 21, 22;NULL;;;NULL;;;2, 6, 9, 14, 17, 21, 22;;;;M;M;M;M;Steekguts 30mm;Steekguts 30mm;Steekguts 25mm;Steekguts 20mm;;NA;NA;NA;Kopecky steekset 100cmü;Kopecky steekset 100cmü;Kopecky steekset 100cmü;Kopecky steekset 100cmü;;;;;;
P48e4528;15/12/2022;P48e4528_22;Bos;;;Loofbos;Bos;Zomereik, braam, riet;Nee;Nee;;;Geen;Geen;NULL;NULL;;;NULL;;;;;;;M;M;M;M;Steekguts 30mm;Steekguts 30mm;Steekguts 25mm;Steekguts 20mm;;NA;NA;NA;Kopecky steekset 100cmü;Kopecky steekset 100cmü;Kopecky steekset 100cmü;Kopecky steekset 100cmü;;;;;;
Pbefe2f2;16/12/2022;Pbefe2f2_22;Bos;;;Loofbos;Bos;Beuk, gewone esdoorn, braam;Nee;Ja;Convex;Midden;Geen;Geen;NULL;NULL;;;NULL;;;;;;;M&O;M;M;M;Steekguts 30mm;Steekguts 30mm;Steekguts 25mm;Steekguts 20mm;;NA;NA;NA;Kopecky steekset 100cmü;Kopecky steekset 100cmü;Kopecky steekset 100cmü;Kopecky steekset 100cmü;;;;;;
P8288d80;20/12/2022;P8288d80_22;Natuur;;;Loofbos;Bos;Gewone es, gewone esdoorn, braam, klimop, zomereik, vlier;Nee;Ja;Concaaf;Midden;Geen;Geen;NULL;NULL;;;NULL;;;;;;;M;M;M;M;Steekguts 30mm;Steekguts 30mm;Steekguts 25mm;Steekguts 20mm;;NA;NA;NA;Kopecky steekset 100cmü;Kopecky steekset 100cmü;Kopecky steekset 100cmü;Kopecky steekset 100cmü;Nee;;;;;
P7b34d5a;21/12/2022;P7b34d5a_22;Bos;;;Loofbos;Bos;Amerikaanse vogelkers, Amerikaanse eik, berk, zomereik, mos;Nee;Ja;Concaaf;Boven;Geen;Geen;NULL;NULL;;;NULL;;;;;;;M;M;M;M;Steekguts 30mm;Steekguts 30mm;Steekguts 25mm;Steekguts 20mm;;NA;NA;NA;Kopecky steekset 100cmü;Kopecky steekset 100cmü;Kopecky steekset 100cmü;Kopecky steekset 100cmü;;;;;;
P91e31cf;21/12/2022;P91e31cf_22;Natuur;;;Cultuurgrasland permanent;Grasland;Grassen;Nee;Nee;;;Geen;Geen;NULL;NULL;;;NULL;;;;;;;M;M;M;M;Steekguts 30mm;Steekguts 30mm;Steekguts 25mm;Steekguts 20mm;;NA;NA;NA;Kopecky steekset 100cmü;Kopecky steekset 100cmü;Kopecky steekset 100cmü;Kopecky steekset 100cmü;;;;;;
Pb0fce87;22/12/2022;Pb0fce87_22;Bos;;;Loofbos;Bos;Beuk;Nee;Ja;Concaaf;Boven;Geen;Geen;NULL;NULL;;;NULL;;;;;;;M;M;M;M;Steekguts 30mm;Steekguts 30mm;Steekguts 25mm;Steekguts 20mm;;NA;NA;NA;Kopecky steekset 100cmü;Kopecky steekset 100cmü;Kopecky steekset 100cmü;Kopecky steekset 100cmü;Nee;;;;;
Pbeed139;23/12/2022;Pbeed139_22;Bos;;;Loofbos;Bos;Beuk;Nee;Ja;Lineair;Midden;Geen;Geen;NULL;NULL;;;NULL;;;;;;;M;M;M;M;Steekguts 30mm;Steekguts 30mm;Steekguts 25mm;Steekguts 20mm;;NA;NA;NA;Kopecky steekset 100cmü;Kopecky steekset 100cmü;Kopecky steekset 100cmü;Kopecky steekset 100cmü;Nee;;;;;
P6c34f5c;10/01/2023;P6c34f5c_23;Natuur;;;Naaldbos;Bos;Grove den, boswilg, berk;Nee;Nee;;;Geen;Boom;4, 8;4, 8;;;;;;;;;;M;M;M;M;Steekguts 30mm;Steekguts 30mm;Steekguts 25mm;Steekguts 20mm;;NULL;;NA;Kopecky steekset 100cmü;Kopecky steekset 100cmü;Kopecky steekset 100cmü;Kopecky steekset 100cmü;Nee;NA;NA;;;
P7ff1d19;12/01/2023;P7ff1d19_23;Natuur;;;Loofbos;Bos;"Amerikaanse eik; boswilg, braam, riet";Nee;Nee;;;Geen;Geen;NULL;;;;;;;;;;;M;M;M;M;Steekguts 30mm;Steekguts 30mm;Steekguts 25mm;Steekguts 20mm;;NULL;;NA;Kopecky steekset 100cmü;Kopecky steekset 100cmü;Kopecky steekset 100cmü;Kopecky steekset 100cmü;Nee;NA;NA;;;
P4cd13f8;13/01/2023;P4cd13f8_23;Bos;;;Naaldbos;Bos;Grove den, Amerikaanse vogelkers, zomereik, varen;Nee;Nee;;;Geen;Geen;NULL;;;;;;;;;;;M;M;M;M;Steekguts 30mm;Steekguts 30mm;Steekguts 25mm;Steekguts 20mm;;NULL;;NA;Kopecky steekset 100cmü;Kopecky steekset 100cmü;Kopecky steekset 100cmü;Kopecky steekset 100cmü;Nee;NA;NA;;;
P7b974b9;17/01/2023;P7b974b9_23;Natuur;;;Loofbos;Bos;Zwarte els, berk, braam, brandnetel;Nee;Ja;Lineair;Midden;Geen;Geen;NULL;;;;;;;;;;;M;M;M;M;Steekguts 30mm;Steekguts 30mm;Steekguts 25mm;Steekguts 20mm;;NULL;;NA;Kopecky steekset 100cmü;Kopecky steekset 100cmü;Kopecky steekset 100cmü;Kopecky steekset 100cmü;Ja;NA;NA;;;
P8679843;17/01/2023;P8679843_23;Natuur;;;Cultuurgrasland permanent;Grasland;Gras, Amerikaanse eik;Nee;Nee;;;Geen;Boom;11, 14, 15, 19;11, 14, 15, 19;;;;;;;;;;M;M;M;M;Steekguts 30mm;Steekguts 30mm;Steekguts 25mm;Steekguts 20mm;;NULL;;NA;Kopecky steekset 100cmü;Kopecky steekset 100cmü;Kopecky steekset 100cmü;Kopecky steekset 100cmü;Nee;NA;NA;;;
P4b0f379;18/01/2023;P4b0f379_23;Bos;;;Loofbos;Bos;Zomereik, hulst, vlier, liguster, gewone es, kardinaalsmuts, linde, braam, klimop;Nee;Nee;;;Geen;Geen;NULL;;;;;;;;;;;M;M;M;M;Steekguts 30mm;Steekguts 30mm;Steekguts 25mm;Steekguts 20mm;;NULL;;NA;Kopecky steekset 100cmü;Kopecky steekset 100cmü;Kopecky steekset 100cmü;Kopecky steekset 100cmü;Nee;NA;NA;;;
Pb6be60c;19/01/2023;Pb6be60c_23;Natuur;;;Cultuurgrasland permanent;Grasland;Gras, boskers;Nee;Ja;Lineair;Midden;Geen;Boom;3, 5, 9, 10, 13;3, 5, 9, 10, 13;;;;;;;;;;M;M;M;M;Steekguts 30mm;Steekguts 30mm;Steekguts 25mm;Steekguts 20mm;;NULL;;NA;Kopecky steekset 100cmü;Kopecky steekset 100cmü;Kopecky steekset 100cmü;Kopecky steekset 100cmü;Ja;NA;NA;;;
P6326278;20/01/2023;P6326278_23;Bos;;;Loofbos;Bos;Braam, zomereik, meidoorn;Nee;Nee;;;Geen;Boom;9, 12, 13;9, 12, 13;;;;;;;;;;M;M;M;M;Steekguts 30mm;Steekguts 30mm;Steekguts 25mm;Steekguts 20mm;;NULL;;NA;Kopecky steekset 100cmü;Kopecky steekset 100cmü;Kopecky steekset 100cmü;Kopecky steekset 100cmü;Nee;NA;NA;;;
P6ea5c22;20/01/2023;P6ea5c22_23;Natuur;;;Halfnatuurlijk grasland;Grasland;Gras;Nee;Nee;;;Geen;Geen;NULL;;;;;;;;;;;M;M;M;M;Steekguts 30mm;Steekguts 30mm;Steekguts 25mm;Steekguts 20mm;;NULL;;NA;Kopecky steekset 100cmü;Kopecky steekset 100cmü;Kopecky steekset 100cmü;Kopecky steekset 100cmü;Nee;NA;NA;;;
P2f49783;25/01/2023;P2f49783_23;Natuur;;;Cultuurgrasland permanent;Grasland;Gras;Nee;Nee;;;Geen;Geen;NULL;;;;;;;;;;;M;M;M;M;Steekguts 30mm;Steekguts 30mm;Steekguts 25mm;Steekguts 20mm;;NULL;;NA;Kopecky steekset 100cmü;Kopecky steekset 100cmü;Kopecky steekset 100cmü;Kopecky steekset 100cmü;Nee;NA;NA;;;
P5084d11;25/01/2023;P5084d11_23;Bos;;;Loofbos;Bos;Amerikaanse eik, Amerikaanse vogelkers;Nee;Nee;;;Geen;Gracht;8, 12;;;8, 12;;;;;;;;M;M;M;M;Steekguts 30mm;Steekguts 30mm;Steekguts 25mm;Steekguts 20mm;;NULL;;NA;Kopecky steekset 100cmü;Kopecky steekset 100cmü;Kopecky steekset 100cmü;Kopecky steekset 100cmü;Nee;NA;NA;;;
P7f3ec04;27/01/2023;P7f3ec04_23;Natuur;;;Halfnatuurlijk grasland;Grasland;Gras, berk;Nee;Nee;;;Geen;Geen;NULL;;;;;;;;;;;M;M;M;M;Steekguts 30mm;Steekguts 30mm;Steekguts 25mm;Steekguts 20mm;;NULL;;NA;Kopecky steekset 100cmü;Kopecky steekset 100cmü;Kopecky steekset 100cmü;Kopecky steekset 100cmü;Nee;NA;NA;;;
P48abee0;31/01/2023;P48abee0_23;Bos;;;Loofbos;Bos;Zwarte els, grassen;Nee;Nee;;;Geen;Geen;NULL;;;;;;;;;;;M;M;M;M;Steekguts 30mm;Steekguts 30mm;Steekguts 25mm;Steekguts 20mm;;NULL;;NA;Kopecky steekset 100cmü;Kopecky steekset 100cmü;Kopecky steekset 100cmü;Kopecky steekset 100cmü;Nee;NA;NA;;;
Pa600504;1/02/2023;Pa600504_23;Bos;;;Loofbos;Bos;Veldesdoorn, gewone esdoorn;Nee;Nee;;;Geen;Geen;NULL;;;;;;;;;;;M;M;M;M;Steekguts 30mm;Steekguts 30mm;Steekguts 25mm;Steekguts 20mm;;NULL;;NA;Kopecky steekset 100cmü;Kopecky steekset 100cmü;Kopecky steekset 100cmü;Kopecky steekset 100cmü;Nee;NA;NA;;;
P50147c5;2/02/2023;P50147c5_23;Bos;;;Naaldbos;Bos;Grove den, mossen, grassen, berk;Nee;Nee;;;Geen;Geen;NULL;;;;;;;;;;;M;M;M;M;Steekguts 30mm;Steekguts 30mm;Steekguts 25mm;Steekguts 20mm;;NULL;;NA;Kopecky steekset 100cmü;Kopecky steekset 100cmü;Kopecky steekset 100cmü;Kopecky steekset 100cmü;Nee;NA;NA;;;
P50cd7ff;2/02/2023;P50cd7ff_23;Bos;;;Naaldbos;Bos;Grove den, berk;Nee;Nee;;;Geen;Geen;NULL;;;;;;;;;;;M;M;M;M;Steekguts 30mm;Steekguts 30mm;Steekguts 25mm;Steekguts 20mm;;NULL;;NA;Kopecky steekset 100cmü;Kopecky steekset 100cmü;Kopecky steekset 100cmü;Kopecky steekset 100cmü;Nee;NA;NA;;;
P5c80272;3/02/2023;P5c80272_23;Bos;;;Naaldbos;Bos;Grove den, beuk, hulst, varen;Nee;Nee;;;Geen;Geen;NULL;;;;;;;;;;;M;M;M;M;Steekguts 30mm;Steekguts 30mm;Steekguts 25mm;Steekguts 20mm;;NULL;;NA;Kopecky steekset 100cmü;Kopecky steekset 100cmü;Kopecky steekset 100cmü;Kopecky steekset 100cmü;Nee;NA;NA;;;
P548d259;7/02/2023;P548d259_23;Bos;;;Naaldbos;Bos;Grove den, berk, Amerikaanse vogelkers, zomereik, taxus, klimop, wilde kamperfoelie;Nee;Nee;;;Geen;Geen;NULL;;;;;;;;;;;M&O;M;M;M;Steekguts 30mm;Steekguts 30mm;Steekguts 25mm;Steekguts 20mm;;NULL;;NA;Kopecky steekset 100cmü;Kopecky steekset 100cmü;Kopecky steekset 100cmü;Kopecky steekset 100cmü;Nee;NA;NA;;;
P5cc040c;7/02/2023;P5cc040c_23;Bos;;;Naaldbos;Bos;Fijnspar, braam;Nee;Nee;;;Geen;Boom;4, 11, 20;4, 11, 20;;;;;;;;;;M;M;M;M;Steekguts 30mm;Steekguts 30mm;Steekguts 25mm;Steekguts 20mm;;NULL;;NA;Kopecky steekset 100cmü;Kopecky steekset 100cmü;Kopecky steekset 100cmü;Kopecky steekset 100cmü;Nee;NA;NA;;;
P4749240;8/02/2023;P4749240_23;Ruimtebeslag parken en recreatiedomeinen;;;Loofbos;Bos;Zomereik, sneeuwbes, klimop, meidoorn;Nee;Nee;;;Geen;Verharding/constructie;2, 5, 9;;;;2, 5, 9;;;;;;;M&O;M;M;M;Steekguts 30mm;Steekguts 30mm;Steekguts 25mm;Steekguts 20mm;;NULL;;NA;Kopecky steekset 100cmü;Kopecky steekset 100cmü;Kopecky steekset 100cmü;Kopecky steekset 100cmü;Nee;NA;NA;;;
P2613da6;9/02/2023;P2613da6_23;Bos;;;Loofbos;Bos;Zomereik, braam;Nee;Nee;;;Geen;Stenigheid;3, 5, 9, 10;;;;;;3, 5, 9, 10;;;;;M;M;M;M;Steekguts 30mm;Steekguts 30mm;Steekguts 25mm;Steekguts 20mm;;NULL;;NA;Kopecky steekset 100cmü;Kopecky steekset 100cmü;Kopecky steekset 100cmü;Kopecky steekset 100cmü;Nee;NA;NA;;;
P77d4412;10/02/2023;P77d4412_23;Bos;;;Loofbos;Bos;Beuk, gewone esdoorn, zomereik;Nee;Nee;;;Geen;Boom;9;9;;;;;;;;;;M;M;M;M;Steekguts 30mm;Steekguts 30mm;Steekguts 25mm;Steekguts 20mm;;NULL;;NA;Kopecky steekset 100cmü;Kopecky steekset 100cmü;Kopecky steekset 100cmü;Kopecky steekset 100cmü;Nee;NA;NA;;;
P4337a62;10/02/2023;P4337a62_23;Natuur;;;Loofbos;Bos;Zwarte els;Nee;Nee;;;Geen;Geen;NULL;;;;;;;;;;;M;M;M;M;Steekguts 30mm;Steekguts 30mm;Steekguts 25mm;Steekguts 20mm;;NULL;;NA;Kopecky steekset 100cmü;Kopecky steekset 100cmü;Kopecky steekset 100cmü;Kopecky steekset 100cmü;Nee;NA;NA;;;
P794d793;14/02/2023;P794d793_23;Natuur;;;Loofbos;Bos;Grove den, zomereik, berk, wilde kamperfoelie, rhododendron, Amerikaanse eik;Nee;Nee;;;Geen;Geen;NULL;;;;;;;;;;;M;M;M;M;Steekguts 30mm;Steekguts 30mm;Steekguts 25mm;Steekguts 20mm;;NULL;;NA;Kopecky steekset 100cmü;Kopecky steekset 100cmü;Kopecky steekset 100cmü;Kopecky steekset 100cmü;Nee;NA;NA;;;
Pb657c4f;15/02/2023;Pb657c4f_23;Natuur;;;Populieren;Bos;Populier, hazelaar, braam;Nee;Ja;Concaaf;Midden;Geen;Geen;NULL;;;;;;;;;;;M;M;M;M;Steekguts 30mm;Steekguts 30mm;Steekguts 25mm;Steekguts 20mm;;NULL;;NA;Kopecky steekset 100cmü;Kopecky steekset 100cmü;Kopecky steekset 100cmü;Kopecky steekset 100cmü;Nee;NA;NA;;;
P83e1d0e;16/02/2023;P83e1d0e_23;Natuur;;;Heide;Struikgewas;Struikhei;Nee;Nee;;;Geen;Geen;NULL;;;;;;;;;;;M;M;M;M;Steekguts 30mm;Steekguts 30mm;Steekguts 25mm;Steekguts 20mm;;NULL;;NA;Kopecky steekset 100cmü;Kopecky steekset 100cmü;Kopecky steekset 100cmü;Kopecky steekset 100cmü;Nee;NA;NA;;;
P5124bed;16/02/2023;P5124bed_23;Natuur;;;Halfnatuurlijk grasland;Grasland;Gras;Nee;Nee;;;Geen;Geen;NULL;;;;;;;;;;;M;M;M;M;Steekguts 30mm;Steekguts 30mm;Steekguts 25mm;Steekguts 20mm;;NULL;;NA;Kopecky steekset 100cmü;Kopecky steekset 100cmü;Kopecky steekset 100cmü;Kopecky steekset 100cmü;Nee;NA;NA;;;
P8e05037;17/02/2023;P8e05037_23;Natuur;;;Halfnatuurlijk grasland;Grasland;Grassen, kruidachtigen;Nee;Nee;;;Geen;Geen;NULL;;;;;;;;;;;M;M;M;M;Steekguts 30mm;Steekguts 30mm;Steekguts 25mm;Steekguts 20mm;;NULL;;NA;Kopecky steekset 100cmü;Kopecky steekset 100cmü;Kopecky steekset 100cmü;Kopecky steekset 100cmü;Nee;NA;NA;;;
P889711f;21/02/2023;P889711f_23;Ruimtebeslag parken en recreatiedomeinen;;;Loofbos;Bos;Els, gewone es, hazelaar, vlier;Nee;Nee;;;Geen;Verharding/constructie;9;;;;9;;;;;;;M;M;M;M;Steekguts 30mm;Steekguts 30mm;Steekguts 25mm;Steekguts 20mm;;NULL;;NA;Kopecky steekset 100cmü;Kopecky steekset 100cmü;Kopecky steekset 100cmü;Kopecky steekset 100cmü;Nee;NA;NA;;;
P4176a4a;22/02/2023;P4176a4a_23;Natuur;;;Naaldbos;Bos;Grove den, berk;Nee;Ja;Concaaf;Onder;Geen;Boom;3;3;;;;;;;;;;M&O;M;M;M;Steekguts 30mm;Steekguts 30mm;Steekguts 25mm;Steekguts 20mm;;NULL;;NA;Kopecky steekset 100cmü;Kopecky steekset 100cmü;Kopecky steekset 100cmü;Kopecky steekset 100cmü;Nee;NA;NA;;;
P435698a;22/02/2023;P435698a_23;Natuur;;;Naaldbos;Bos;Grove den;Nee;Nee;;;Geen;Geen;NULL;;;;;;;;;;;M;M;M;M;Steekguts 30mm;Steekguts 30mm;Steekguts 25mm;Steekguts 20mm;;NULL;;NA;Kopecky steekset 100cmü;Kopecky steekset 100cmü;Kopecky steekset 100cmü;Kopecky steekset 100cmü;Nee;NA;NA;;;
P9648a7c;23/02/2023;P9648a7c_23;Natuur;;;Halfnatuurlijk grasland;Grasland;Grassen, watermunt;Nee;Nee;;;Geen;Geen;NULL;;;;;;;;;;;M;M;M;M;Steekguts 30mm;Steekguts 30mm;Steekguts 25mm;Steekguts 20mm;;NULL;;NA;Kopecky steekset 100cmü;Kopecky steekset 100cmü;Kopecky steekset 100cmü;Kopecky steekset 100cmü;Ja;NA;NA;;;
P9470c84;28/02/2023;P9470c84_23;Natuur;;;Naaldbos;Bos;Grove den, Amerikaanse eik, tamme Kastanje, varen;Nee;Nee;;;Geen;Geen;NULL;;;;;;;;;;;M;M;M;M;Steekguts 30mm;Steekguts 30mm;Steekguts 25mm;Steekguts 20mm;;NULL;;NA;Kopecky steekset 100cmü;Kopecky steekset 100cmü;Kopecky steekset 100cmü;Kopecky steekset 100cmü;Nee;NA;NA;;;1 kopecky niet kunnen nemen op 60 - 100 cm wegens defect materiaal
P73ff1f3;1/03/2023;P73ff1f3_23;Natuur;;;Heide;Struikgewas;Dopheide, mossen;Nee;Ja;Lineair;Midden;Geen;Geen;NULL;;;;;;;;;;;M;M;M;M;Steekguts 30mm;Steekguts 30mm;Steekguts 25mm;Steekguts 20mm;;NULL;;NA;Kopecky steekset 100cmü;Kopecky steekset 100cmü;Kopecky steekset 100cmü;Kopecky steekset 100cmü;Nee;NA;NA;;;
P823adb0;2/03/2023;P823adb0_23;Natuur;;;Loofbos;Bos;Vlier, klimop, vogelkers, zomereik, pijpenstrootje, mos, sleedoorn;Nee;Nee;;;Geen;Boom;3, 5, 9, 10, 13, 17, 18, 21;3, 5, 9, 10, 13, 17, 18, 21;;;;;;;;;;M;M;M;M;Steekguts 30mm;Steekguts 30mm;Steekguts 25mm;Steekguts 20mm;;NULL;;NA;Kopecky steekset 100cmü;Kopecky steekset 100cmü;Kopecky steekset 100cmü;Kopecky steekset 100cmü;Nee;NA;NA;;;
P6a3cc1b;8/03/2023;P6a3cc1b_23;Natuur;;;Halfnatuurlijk grasland;Grasland;Zomereik, varen, brem, gras;Nee;Ja;Lineair;Midden;Geen;Geen;NULL;;;;;;;;;;;M;M;M;M;Steekguts 30mm;Steekguts 30mm;Steekguts 25mm;Steekguts 20mm;;NULL;;NA;Kopecky steekset 100cmü;Kopecky steekset 100cmü;Kopecky steekset 100cmü;Kopecky steekset 100cmü;Nee;NA;NA;;;
P7746759;9/03/2023;P7746759_23;Natuur;;;Naaldbos;Bos;Grove den, berk, Amerikaanse vogelkers, bosbes, mos;Nee;Ja;Concaaf;Midden;Geen;Geen;NULL;;;;;;;;;;;M;M;M;M;Steekguts 30mm;Steekguts 30mm;Steekguts 25mm;Steekguts 20mm;;NULL;;NA;Kopecky steekset 100cmü;Kopecky steekset 100cmü;Kopecky steekset 100cmü;Kopecky steekset 100cmü;Nee;NA;NA;;;
P7ddde66;10/03/2023;P7ddde66_23;Natuur;;;Halfnatuurlijk grasland;Grasland;Gras, pitrus, schapenzuring, wilg;Nee;Nee;;;Geen;Geen;NULL;;;;;;;;;;;M;M;M;M;Steekguts 30mm;Steekguts 30mm;Steekguts 25mm;Steekguts 20mm;;NULL;;NA;Kopecky steekset 100cmü;Kopecky steekset 100cmü;Kopecky steekset 100cmü;Kopecky steekset 100cmü;Nee;NA;NA;;;
P80e0ae4;14/03/2023;P80e0ae4_23;Natuur;;;Heide;Struikgewas;Struikhei, pijpenstrootje, mos;Nee;Nee;;;Geen;Geen;NULL;;;;;;;;;;;M;M;M;M;Steekguts 30mm;Steekguts 30mm;Steekguts 25mm;Steekguts 20mm;;NULL;;NA;Kopecky steekset 100cmü;Kopecky steekset 100cmü;Kopecky steekset 100cmü;Kopecky steekset 100cmü;Nee;NA;NA;;;
P51c294a;15/03/2023;P51c294a_23;Ruimtebeslag parken en recreatiedomeinen;;;Loofbos;Bos;Tamme kastanje, braam;Nee;Nee;;;Geen;Boom;11;11;;;;;;;;;;M;M;M;M;Steekguts 30mm;Steekguts 30mm;Steekguts 25mm;Steekguts 20mm;;NULL;;NA;Kopecky steekset 100cmü;Kopecky steekset 100cmü;Kopecky steekset 100cmü;Kopecky steekset 100cmü;Nee;NA;NA;;;
P3832e10;16/03/2023;P3832e10_23;Bos;;;Naaldbos;Bos;Grove den, Amerikaanse vogelkers;Nee;Nee;;;Geen;Geen;NULL;;;;;;;;;;;M;M;M;M;Steekguts 30mm;Steekguts 30mm;Steekguts 25mm;Steekguts 20mm;;NULL;;NA;Kopecky steekset 100cmü;Kopecky steekset 100cmü;Kopecky steekset 100cmü;Kopecky steekset 100cmü;Nee;NA;NA;;;
P46b3f55;16/03/2023;P46b3f55_23;Natuur;;;Halfnatuurlijk grasland;Grasland;Pijpenstrootje;Nee;Nee;;;Geen;Geen;NULL;;;;;;;;;;;M;M;M;M;Steekguts 30mm;Steekguts 30mm;Steekguts 25mm;Steekguts 20mm;;NULL;;NA;Kopecky steekset 100cmü;Kopecky steekset 100cmü;Kopecky steekset 100cmü;Kopecky steekset 100cmü;Nee;NA;NA;;;
P73ff380;17/03/2023;P73ff380_23;Bos;;;Naaldbos;Bos;Zeeden, zomereik, Amerikaanse eik;Nee;Ja;Concaaf;Midden;Geen;Geen;NULL;;;;;;;;;;;M&O;M;M;M;Steekguts 30mm;Steekguts 30mm;Steekguts 25mm;Steekguts 20mm;;NULL;;NA;Kopecky steekset 100cmü;Kopecky steekset 100cmü;Kopecky steekset 100cmü;Kopecky steekset 100cmü;Nee;NA;NA;;;
P7bcaf48;21/03/2023;P7bcaf48_23;Natuur;;;Halfnatuurlijk grasland;Grasland;Grassen, kruiden;Nee;Nee;;;Geen;Geen;NULL;;;;;;;;;;;M;M;M;M;Steekguts 30mm;Steekguts 30mm;Steekguts 25mm;Steekguts 20mm;;NULL;;NA;Kopecky steekset 100cmü;Kopecky steekset 100cmü;Kopecky steekset 100cmü;Kopecky steekset 100cmü;Nee;NA;NA;;;
P1b8722b;22/03/2023;P1b8722b_23;Natuur;;;Heide;Struikgewas;Struikhei, pijpenstrootje, grove den;Nee;Nee;;;Geen;Geen;NULL;;;;;;;;;;;M&O;M;M;M;Steekguts 30mm;Steekguts 30mm;Steekguts 25mm;Steekguts 20mm;;NULL;;NA;Kopecky steekset 100cmü;Kopecky steekset 100cmü;Kopecky steekset 100cmü;Kopecky steekset 100cmü;Nee;NA;NA;;;
Pc725ea6;23/03/2023;Pc725ea6_23;Natuur;;;Halfnatuurlijk grasland;Grasland;Gras, kruidachtigen;Nee;Ja;Lineair;Midden;Geen;Geen;NULL;;;;;;;;;;;M;M;M;M;Steekguts 30mm;Steekguts 30mm;Steekguts 25mm;Steekguts 20mm;;NULL;;NA;Kopecky steekset 100cmü;Kopecky steekset 100cmü;Kopecky steekset 100cmü;Kopecky steekset 100cmü;Nee;NA;NA;;;
Pba5715d;23/03/2023;Pba5715d_23;Natuur;;;Halfnatuurlijk grasland;Grasland;Gras, kruidachtigen;Nee;Ja;Lineair;Midden;Geen;Geen;NULL;;;;;;;;;;;M;M;M;M;Steekguts 30mm;Steekguts 30mm;Steekguts 25mm;Steekguts 20mm;;NULL;;NA;Kopecky steekset 100cmü;Kopecky steekset 100cmü;Kopecky steekset 100cmü;Kopecky steekset 100cmü;Nee;NA;NA;;;
P21327a1;24/03/2023;P21327a1_23;Natuur;;;Halfnatuurlijk grasland;Grasland;Gras, kruidachtigen;Nee;Nee;;;Geen;Geen;NULL;;;;;;;;;;;M;M;M;M;Steekguts 30mm;Steekguts 30mm;Steekguts 25mm;Steekguts 20mm;;NULL;;NA;Kopecky steekset 100cmü;Kopecky steekset 100cmü;Kopecky steekset 100cmü;Kopecky steekset 100cmü;Nee;NA;NA;;;
P44652fb;24/03/2023;P44652fb_23;Bos;;;Naaldbos;Bos;Grove den, Amerikaanse vogelkers, beuk;Nee;Nee;;;Geen;Verharding/constructie;10;;;;10;;;;;;;M;M;M;M;Steekguts 30mm;Steekguts 30mm;Steekguts 25mm;Steekguts 20mm;;NULL;;NA;Kopecky steekset 100cmü;Kopecky steekset 100cmü;Kopecky steekset 100cmü;Kopecky steekset 100cmü;Nee;NA;NA;;;
P653a0f9;28/03/2023;P653a0f9_23;Bos;;;Naaldbos;Bos;Grove den, Amerikaanse vogelkers, bosbes, mos, pijpenstrootje;Nee;Nee;;;Geen;Geen;NULL;;;;;;;;;;;M;M;M;M;Steekguts 30mm;Steekguts 30mm;Steekguts 25mm;Steekguts 20mm;;NULL;;NA;Kopecky steekset 100cmü;Kopecky steekset 100cmü;Kopecky steekset 100cmü;Kopecky steekset 100cmü;Nee;NA;NA;;;
P6e77410;28/03/2023;P6e77410_23;Bos;;;Naaldbos;Bos;Grove den, berk, zomereik, struikhei, mos, pijpenstrootje;Nee;Nee;;;Geen;Geen;NULL;;;;;;;;;;;M;M;M;M;Steekguts 30mm;Steekguts 30mm;Steekguts 25mm;Steekguts 20mm;;NULL;;NA;Kopecky steekset 100cmü;Kopecky steekset 100cmü;Kopecky steekset 100cmü;Kopecky steekset 100cmü;Nee;NA;NA;;;
P1d22877;29/03/2023;P1d22877_23;Bos;;;Naaldbos;Bos;Grove den, lork, Amerikaans krentenboompje, berk, hulst;Nee;Nee;;;Geen;Boom;13;13;;;;;;;;;;M;M;M;M;Steekguts 30mm;Steekguts 30mm;Steekguts 25mm;Steekguts 20mm;;NULL;;NA;Kopecky steekset 100cmü;Kopecky steekset 100cmü;Kopecky steekset 100cmü;Kopecky steekset 100cmü;Nee;NA;NA;;;
P80abbe7;30/03/2023;P80abbe7_23;Bos;;;Loofbos;Bos;Amerikaanse eik, Amerikaanse vogelkers, berk, lijsterbes;Nee;Ja;Lineair;Midden;Geen;Boom;9;9;;;;;;;;;;M&O;M;M;M;Steekguts 30mm;Steekguts 30mm;Steekguts 25mm;Steekguts 20mm;;NULL;;NA;Kopecky steekset 100cmü;Kopecky steekset 100cmü;Kopecky steekset 100cmü;Kopecky steekset 100cmü;Nee;NA;NA;;;
P4fdab4c;31/03/2023;P4fdab4c_23;Bos;;;Loofbos;Bos;Amerikaanse eik, hulst;Nee;Nee;;;Geen;Geen;NULL;;;;;;;;;;;M;M;M;M;Steekguts 30mm;Steekguts 30mm;Steekguts 25mm;Steekguts 20mm;;NULL;;NA;Kopecky steekset 100cmü;Kopecky steekset 100cmü;Kopecky steekset 100cmü;Kopecky steekset 100cmü;Nee;NA;NA;;;
P8b16bb6;4/04/2023;P8b16bb6_23;Bos;;;Naaldbos;Bos;Grove den, zomereik, bosbes, Amerikaanse vogelkers, mos;Nee;Nee;;;Geen;Geen;NULL;;;;;;;;;;;M;M;M;M;Steekguts 30mm;Steekguts 30mm;Steekguts 25mm;Steekguts 20mm;;NULL;;NA;Kopecky steekset 100cmü;Kopecky steekset 100cmü;Kopecky steekset 100cmü;Kopecky steekset 100cmü;Nee;NA;NA;;;
P8d195b1;5/04/2023;P8d195b1_23;Bos;;;Naaldbos;Bos;Grove den, Amerikaanse vogelkers, mos, varen, berk, zomereik;Nee;Nee;;;Geen;Geen;NULL;;;;;;;;;;;M;M;M;M;Steekguts 30mm;Steekguts 30mm;Steekguts 25mm;Steekguts 20mm;;NULL;;NA;Kopecky steekset 100cmü;Kopecky steekset 100cmü;Kopecky steekset 100cmü;Kopecky steekset 100cmü;Nee;NA;NA;;;
P3e02017;6/04/2023;P3e02017_23;Natuur;;;Halfnatuurlijk grasland;Grasland;Pijpenstrootje, mos;Nee;Ja;Lineair;Midden;Geen;Geen;NULL;;;;;;;;;;;M;M;M;M;Steekguts 30mm;Steekguts 30mm;Steekguts 25mm;Steekguts 20mm;;NULL;;NA;Kopecky steekset 100cmü;Kopecky steekset 100cmü;Kopecky steekset 100cmü;Kopecky steekset 100cmü;Nee;NA;NA;;;
Pba5d252;7/04/2023;Pba5d252_23;Bos;;;Loofbos;Bos;Amerikaanse eik, hazelaar, vlier, varen, braam, esdoorn, gele dovenetel;Nee;Ja;Concaaf;Onder;Geen;Boom;11;11;;;;;;;;;;M;M;M;M;Steekguts 30mm;Steekguts 30mm;Steekguts 25mm;Steekguts 20mm;;NULL;;NA;Kopecky steekset 100cmü;Kopecky steekset 100cmü;Kopecky steekset 100cmü;Kopecky steekset 100cmü;Nee;NA;NA;;;
P5d40540;12/04/2023;P5d40540_23;Bos;;;Naaldbos;Bos;Grove den, hulst, berk, Amerikaanse eik;Nee;Nee;;;Geen;Geen;NULL;;;;;;;;;;;M;M;M;M;Steekguts 30mm;Steekguts 30mm;Steekguts 25mm;Steekguts 20mm;;NULL;;NA;Kopecky steekset 100cmü;Kopecky steekset 100cmü;Kopecky steekset 100cmü;Kopecky steekset 100cmü;Nee;NA;NA;;;
P790faf0;13/04/2023;P790faf0_23;Bos;;;Naaldbos;Bos;Grove den, Amerikaanse vogelkers, hulst;Nee;Nee;;;Geen;Boom;5;5;;;;;;;;;;M;M;M;M;Steekguts 30mm;Steekguts 30mm;Steekguts 25mm;Steekguts 20mm;;NULL;;NA;Kopecky steekset 100cmü;Kopecky steekset 100cmü;Kopecky steekset 100cmü;Kopecky steekset 100cmü;Nee;NA;NA;;;
P16d4339;14/04/2023;P16d4339_23;Bos;;;Naaldbos;Bos;Zeeden, Amerikaanse vogelkers, lijsterbes, mos, gras;Nee;Nee;;;Geen;Geen;NULL;;;;;;;;;;;M;M;M;M;Steekguts 30mm;Steekguts 30mm;Steekguts 25mm;Steekguts 20mm;;NULL;;NA;Kopecky steekset 100cmü;Kopecky steekset 100cmü;Kopecky steekset 100cmü;Kopecky steekset 100cmü;Nee;NA;NA;;;
P6ae1af7;18/04/2023;P6ae1af7_23;Natuur;;;Halfnatuurlijk grasland;Grasland;Grassen, pitrus;Nee;Nee;;;Geen;Geen;NULL;;;;;;;;;;;M;M;M;M;Steekguts 30mm;Steekguts 30mm;Steekguts 25mm;Steekguts 20mm;;NULL;;NA;Kopecky steekset 100cmü;Kopecky steekset 100cmü;Kopecky steekset 100cmü;Kopecky steekset 100cmü;Nee;NA;NA;;;
P6cf0310;18/04/2023;P6cf0310_23;Bos;;;Loofbos;Bos;Beuk, lork, hulst, varen, lijsterbes;Nee;Nee;;;Geen;Boom;2, 3, 5;2, 3, 5;;;;;;;;;;M;M;M;M;Steekguts 30mm;Steekguts 30mm;Steekguts 25mm;Steekguts 20mm;;NULL;;NA;Kopecky steekset 100cmü;Kopecky steekset 100cmü;Kopecky steekset 100cmü;Kopecky steekset 100cmü;Nee;NA;NA;;;
P6a43098;20/04/2023;P6a43098_23;Bos;;;Naaldbos;Bos;Grove den, lijsterbes, zomereik, braam, varen,;Nee;Nee;;;Geen;Geen;NULL;;;;;;;;;;;M;M;M;M;Steekguts 30mm;Steekguts 30mm;Steekguts 25mm;Steekguts 20mm;;NULL;;NA;Kopecky steekset 100cmü;Kopecky steekset 100cmü;Kopecky steekset 100cmü;Kopecky steekset 100cmü;Nee;NA;NA;;;
P7f9cb5b;21/04/2023;P7f9cb5b_23;Bos;;;Naaldbos;Bos;Zwarte den, Amerikaanse vogelkers, lijsterbes;Nee;Nee;;;Geen;Geen;NULL;;;;;;;;;;;M;M;M;M;Steekguts 30mm;Steekguts 30mm;Steekguts 25mm;Steekguts 20mm;;NULL;;NA;Kopecky steekset 100cmü;Kopecky steekset 100cmü;Kopecky steekset 100cmü;Kopecky steekset 100cmü;Nee;NA;NA;;;
P5e902d6;25/04/2023;P5e902d6_23;Bos;;;Loofbos;Bos;Zomereik, hazelaar, braam, fijnspar (zaailing), lijsterbes, wilde kamperfoelie;Nee;Nee;;;Geen;Gracht;1, 7, 11;;;1, 7, 11;;;;;;;;M;M;M;M;Steekguts 30mm;Steekguts 30mm;Steekguts 25mm;Steekguts 20mm;;NULL;;NA;Kopecky steekset 100cmü;Kopecky steekset 100cmü;Kopecky steekset 100cmü;Kopecky steekset 100cmü;Nee;NA;NA;;;
P5e8a5e4;25/04/2023;P5e8a5e4_23;Bos;;;Populieren;Bos;Populiuer, zomereik, meidoorn, braam;Nee;Nee;;;Geen;Geen;NULL;;;;;;;;;;;M;M;M;M;Steekguts 30mm;Steekguts 30mm;Steekguts 25mm;Steekguts 20mm;;NULL;;NA;Kopecky steekset 100cmü;Kopecky steekset 100cmü;Kopecky steekset 100cmü;Kopecky steekset 100cmü;Nee;NA;NA;;;
P526753a;26/04/2023;P526753a_23;Bos;;;Loofbos;Bos;Zomereik, gewone esdoorn, lijsterbes, klimop, braam, varens;Nee;Nee;;;Geen;Boom;16;16;;;;;;;;;;M;M;M;M;Steekguts 30mm;Steekguts 30mm;Steekguts 25mm;Steekguts 20mm;;NULL;;NA;Kopecky steekset 100cmü;Kopecky steekset 100cmü;Kopecky steekset 100cmü;Kopecky steekset 100cmü;Nee;NA;NA;;;
P86b5f77;28/04/2023;P86b5f77_23;Bos;;;Loofbos;Bos;Zomereik, berk, braam, hazelaar;Nee;Nee;;;Geen;Geen;NULL;;;;;;;;;;;M;M;M;M;Steekguts 30mm;Steekguts 30mm;Steekguts 25mm;Steekguts 20mm;;NULL;;NA;Kopecky steekset 100cmü;Kopecky steekset 100cmü;Kopecky steekset 100cmü;Kopecky steekset 100cmü;Nee;NA;NA;;;
Pb85ff9f;9/05/2023;Pb85ff9f_23;Bos;;;Loofbos;Bos;Beuk, gewone esdoorn, ijle zegge;Nee;Ja;Lineair;Midden;Geen;Geen;NULL;;;;;;;;;;;M;M;M;M;Steekguts 30mm;Steekguts 30mm;Steekguts 25mm;Steekguts 20mm;;14;;NA;Kopecky steekset 100cmü;Kopecky steekset 100cmü;Kopecky steekset 100cmü;Kopecky steekset 100cmü;Nee;NA;NA;;;
Pb87f384;10/05/2023;Pb87f384_23;Natuur;;;Halfnatuurlijk grasland;Grasland;Ridderzuring, scherpe boterbloem, kruipende boterbloem, grote vossenstaart, brede weegbree;Nee;Ja;Lineair;Midden;Geen;Geen;NULL;;;;;;;;;;;M;M;M;M;Steekguts 30mm;Steekguts 30mm;Steekguts 25mm;Steekguts 20mm;;NULL;;NA;Kopecky steekset 100cmü;Kopecky steekset 100cmü;Kopecky steekset 100cmü;Kopecky steekset 100cmü;Nee;NA;NA;;;
P6111609;12/05/2023;P6111609_23;Natuur;;;Heide;Struikgewas;Struikhei, pijpenstrootje;Nee;Nee;;;Geen;Geen;NULL;;;;;;;;;;;M;M;M;M;Steekguts 30mm;Steekguts 30mm;Steekguts 25mm;Steekguts 20mm;;NULL;;NA;Kopecky steekset 100cmü;Kopecky steekset 100cmü;Kopecky steekset 100cmü;Kopecky steekset 100cmü;Nee;NA;NA;;;
P5abe226;12/05/2023;P5abe226_23;Natuur;;;Heide;Struikgewas;Struikhei, Amerikaanse vogelkers, grove den, pijpenstrootje;Nee;Nee;;;Geen;Boom;14;14;;;;;;;;;;M;M;M;M;Steekguts 30mm;Steekguts 30mm;Steekguts 25mm;Steekguts 20mm;;NULL;;NA;Kopecky steekset 100cmü;Kopecky steekset 100cmü;Kopecky steekset 100cmü;Kopecky steekset 100cmü;Nee;NA;NA;;;
P65110da;16/05/2023;P65110da_23;Natuur;;;Heide;Braakliggend en duinen;Mossen, gras;Nee;Nee;;;Geen;Stenigheid;1;;;;;;1;;;;;M;M;M;M;Steekguts 30mm;Steekguts 30mm;Steekguts 25mm;Steekguts 20mm;;NULL;;NA;Kopecky steekset 100cmü;Kopecky steekset 100cmü;Kopecky steekset 100cmü;Kopecky steekset 100cmü;Nee;NA;NA;;;
P5900865;23/05/2023;P5900865_23;Natuur;;;Ruigte en struweel;Struikgewas;Zomereik, braam, grassen, zwarte els;Nee;Nee;;;Geen;Vijver;4, 8, 10, 14, 18, 19;;;4, 8, 10, 14, 18, 19;;;;;;;;M;M;M;M;Steekguts 30mm;Steekguts 30mm;Steekguts 25mm;Steekguts 20mm;;NULL;;NA;Kopecky steekset 100cmü;Kopecky steekset 100cmü;Kopecky steekset 100cmü;Kopecky steekset 100cmü;Nee;NA;NA;;;
P6b07d8c;24/05/2023;P6b07d8c_23;Natuur;;;Heide;Grasland;Pijpenstrootje, struikhei;Nee;Nee;;;Geen;Geen;NULL;;;;;;;;;;;M;M;M;M;Steekguts 30mm;Steekguts 30mm;Steekguts 25mm;Steekguts 20mm;;NULL;;NA;Kopecky steekset 100cmü;Kopecky steekset 100cmü;Kopecky steekset 100cmü;Kopecky steekset 100cmü;Nee;NA;NA;;;
P53446e5;26/05/2023;P53446e5_23;Natuur;;;Halfnatuurlijk grasland;Grasland;Grassen, pitrus, veldzuring, haarmos;Nee;Nee;;;Geen;Geen;NULL;;;;;;;;;;;M;M;M;M;Steekguts 30mm;Steekguts 30mm;Steekguts 25mm;Steekguts 20mm;;NULL;;NA;Kopecky steekset 100cmü;Kopecky steekset 100cmü;Kopecky steekset 100cmü;Kopecky steekset 100cmü;Nee;NA;NA;;;
P63709a4;31/05/2023;P63709a4_23;Natuur;;;Heide;Grasland;Pijpenstrootje, struikhei;Nee;Nee;;;Geen;Geen;NULL;;;;;;;;;;;M;M;M;M;Steekguts 30mm;Steekguts 30mm;Steekguts 25mm;Steekguts 20mm;;NULL;;NA;Kopecky steekset 100cmü;Kopecky steekset 100cmü;Kopecky steekset 100cmü;Kopecky steekset 100cmü;Nee;NA;NA;;;
P666bf52;31/05/2023;P666bf52_23;Natuur;;;Heide;Struikgewas;Struikhei, adelaarsvaren;Nee;Nee;;;Geen;Geen;NULL;;;;;;;;;;;M;M;M;M;Steekguts 30mm;Steekguts 30mm;Steekguts 25mm;Steekguts 20mm;;NULL;;NA;Kopecky steekset 100cmü;Kopecky steekset 100cmü;Kopecky steekset 100cmü;Kopecky steekset 100cmü;Nee;NA;NA;;;
P5ae68e8;1/06/2023;P5ae68e8_23;Natuur;;;Heide;Grasland;Struikhei, mos;Nee;Nee;;;Geen;Geen;NULL;;;;;;;;;;;M;M;M;M;Steekguts 30mm;Steekguts 30mm;Steekguts 25mm;Steekguts 20mm;;NULL;;NA;Kopecky steekset 100cmü;Kopecky steekset 100cmü;Kopecky steekset 100cmü;Kopecky steekset 100cmü;Nee;NA;NA;;;
P0a9b8df;2/06/2023;P0a9b8df_23;Ruimtebeslag parken en recreatiedomeinen;;;Ruigte en struweel;Struikgewas;Taxus, berk, grassen;Nee;Nee;;;Geen;Boom;1, 6, 8, 19, 20, 21, 22;1, 6, 8, 19, 20, 21, 22;;;;;;;;;;M;M;M;M;Steekguts 30mm;Steekguts 30mm;Steekguts 25mm;Steekguts 20mm;;NULL;;NA;Kopecky steekset 100cmü;Kopecky steekset 100cmü;Kopecky steekset 100cmü;Kopecky steekset 100cmü;Nee;NA;NA;;;
P5b0949e;6/06/2023;P5b0949e_23;Natuur;;;Heide;Struikgewas;Struikhei, dophei, pijpenstrootje;Nee;Nee;;;Geen;Insporing;10, 11, 18;;;;;;;10, 11, 18;;;;M;M;M;M;Steekguts 30mm;Steekguts 30mm;Steekguts 25mm;Steekguts 20mm;;NULL;;NA;Kopecky steekset 100cmü;Kopecky steekset 100cmü;Kopecky steekset 100cmü;Kopecky steekset 100cmü;Nee;NA;NA;;;
P59edd47;6/06/2023;P59edd47_23;Natuur;;;Heide;Struikgewas;Struikhei, dophei, veenbies, gras, gevlekte orchis;Nee;Nee;;;Geen;Geen;NULL;;;;;;;;;;;M&O;M&O;M;M;Steekguts 30mm;Steekguts 30mm;Steekguts 25mm;Steekguts 20mm;1, 2, 3, 4, 5, 6, 7, 8, 9, 10, 11, 12, 13, 14, 15, 16;1, 2, 3, 4, 5, 6, 7, 8, 9, 10, 11, 12, 13, 14, 15, 16;;NA;Kopecky steekset 100cmü;Kopecky steekset 100cmü;Kopecky steekset 100cmü;Kopecky steekset 100cmü;Nee;NA;NA;;;
P5c86e21;7/06/2023;P5c86e21_23;Natuur;;;Heide;Struikgewas;Struikhei, gewoon biggenkruid, muizenoor;Nee;Nee;;;Geen;Geen;NULL;;;;;;;;;;;M;M;M;M;Steekguts 30mm;Steekguts 30mm;Steekguts 25mm;Steekguts 20mm;;NULL;;NA;Kopecky steekset 100cmü;Kopecky steekset 100cmü;Kopecky steekset 100cmü;Kopecky steekset 100cmü;Nee;NA;NA;;;
P72bc162;9/06/2023;P72bc162_23;Natuur;;;Halfnatuurlijk grasland;Grasland;Pijpenstrootje;Nee;Nee;;;Geen;Geen;NULL;;;;;;;;;;;M;M;M;M;Steekguts 30mm;Steekguts 30mm;Steekguts 25mm;Steekguts 20mm;;NULL;;NA;Kopecky steekset 100cmü;Kopecky steekset 100cmü;Kopecky steekset 100cmü;Kopecky steekset 100cmü;Nee;NA;NA;;;
P72d33a6;9/06/2023;P72d33a6_23;Natuur;;;Halfnatuurlijk grasland;Grasland;Pijpenstrootje;Nee;Nee;;;Geen;Geen;NULL;;;;;;;;;;;M;M;M;M;Steekguts 30mm;Steekguts 30mm;Steekguts 25mm;Steekguts 20mm;;NULL;;NA;Kopecky steekset 100cmü;Kopecky steekset 100cmü;Kopecky steekset 100cmü;Kopecky steekset 100cmü;Nee;NA;NA;;;
P70a2445;13/06/2023;P70a2445_23;Natuur;;;Heide;Struikgewas;Struikhei, grove den;Nee;Nee;;;Geen;Geen;NULL;;;;;;;;;;;M;M;M;M;Steekguts 30mm;Steekguts 30mm;Steekguts 25mm;Steekguts 20mm;;NULL;;NA;Kopecky steekset 100cmü;Kopecky steekset 100cmü;Kopecky steekset 100cmü;Kopecky steekset 100cmü;Nee;NA;NA;;;
P74f2f30;13/06/2023;P74f2f30_23;Natuur;;;Halfnatuurlijk grasland;Grasland;Pitrus, grassen;Nee;Nee;;;Geen;Geen;NULL;;;;;;;;;;;M;M;M;M;Steekguts 30mm;Steekguts 30mm;Steekguts 25mm;Steekguts 20mm;;NULL;;NA;Kopecky steekset 100cmü;Kopecky steekset 100cmü;Kopecky steekset 100cmü;Kopecky steekset 100cmü;Nee;NA;NA;;;
P63afe27;15/06/2023;P63afe27_23;Ruimtebeslag overige;4, 7, 11, 14, 15, 19;Grasland;Halfnatuurlijk grasland;Grasland;Grassen, linde, berk;Nee;Nee;;;Geen;Geen;NULL;;;;;;;;;;;M;M;M;M;Steekguts 30mm;Steekguts 30mm;Steekguts 25mm;Steekguts 20mm;;NULL;;NA;Kopecky steekset 100cmü;Kopecky steekset 100cmü;Kopecky steekset 100cmü;Kopecky steekset 100cmü;Nee;NA;NA;;;
P15f2bbe;16/06/2023;P15f2bbe_23;Natuur;;;Heide;Struikgewas;Pijpenstrootje, struihei, dophei, grove den;Nee;Nee;;;Geen;Geen;NULL;;;;;;;;;;;M&O;M;M;M;Steekguts 30mm;Steekguts 30mm;Steekguts 25mm;Steekguts 20mm;;NULL;;NA;Kopecky steekset 100cmü;Kopecky steekset 100cmü;Kopecky steekset 100cmü;Kopecky steekset 100cmü;Nee;NA;NA;;;
P1f75c86;17/08/2023;P1f75c86_23;Natuur;;;Halfnatuurlijk grasland;Grasland;Grassen;Nee;Nee;;;Geen;Geen;NULL;;;;;;;;;;;M;M;M;M;Steekguts 30mm;Steekguts 30mm;Steekguts 25mm;Steekguts 20mm;;NULL;;NA;Kopecky steekset 100cmü;Kopecky steekset 100cmü;Kopecky steekset 100cmü;Kopecky steekset 100cmü;Nee;NA;NA;;;
P57e1015;18/08/2023;P57e1015_23;Natuur;;;Slik en schorre;Grasland;Grassen;Nee;Nee;;;Geen;Geen;NULL;;;;;;;;;;;M;M;M;M;Steekguts 30mm;Steekguts 30mm;Steekguts 25mm;Steekguts 20mm;;NULL;;NA;Kopecky steekset 100cmü;Kopecky steekset 100cmü;Kopecky steekset 100cmü;Kopecky steekset 100cmü;Nee;NA;NA;;;
P55d2b51;18/08/2023;P55d2b51_23;Natuur;;;Kustduin;Braakliggend en duinen;Dauwbraam, kruidachtigen, mos, gras;Nee;Ja;Concaaf;Boven;Geen;Geen;NULL;;;;;;;;;;;M;M;M;M;Steekguts 30mm;Steekguts 30mm;Steekguts 25mm;Steekguts 20mm;;NULL;;NA;Kopecky steekset 100cmü;Kopecky steekset 100cmü;Kopecky steekset 100cmü;Kopecky steekset 100cmü;Nee;NA;NA;;;
P6b48098;22/08/2023;P6b48098_23;Natuur;;;Heide;Struikgewas;Struikhei, bezemkruiskruid, ratelpopulier (zaailing), stekelbrem, kruipwilg;Nee;Nee;;;Geen;Geen;NULL;;;;;;;;;;;M;M;M;M;Steekguts 30mm;Steekguts 30mm;Steekguts 25mm;Steekguts 20mm;;NULL;;NA;Kopecky steekset 100cmü;Kopecky steekset 100cmü;Kopecky steekset 100cmü;Kopecky steekset 100cmü;Nee;NA;NA;;;
P6a43c0c;23/08/2023;P6a43c0c_23;Bos;;;Loofbos;Bos;Braam, varen, zomereik, berk, lijsterbes;Nee;Nee;;;Geen;Geen;NULL;;;;;;;;;;;M;M;M;M;Steekguts 30mm;Steekguts 30mm;Steekguts 25mm;Steekguts 20mm;;NULL;;NA;Kopecky steekset 100cmü;Kopecky steekset 100cmü;Kopecky steekset 100cmü;Kopecky steekset 100cmü;Nee;NA;NA;;;
P6a77ba4;23/08/2023;P6a77ba4_23;Natuur;;;Halfnatuurlijk grasland;Grasland;Grassen, riet;Nee;Nee;;;Geen;Geen;NULL;;;;;;;;;;;M;M;M;M;Steekguts 30mm;Steekguts 30mm;Steekguts 25mm;Steekguts 20mm;;NULL;;NA;Kopecky steekset 100cmü;Kopecky steekset 100cmü;Kopecky steekset 100cmü;Kopecky steekset 100cmü;Nee;NA;NA;;;
Pb0998d7;24/08/2023;Pb0998d7_23;Natuur;3, 5, 6, 10, 11, 14;Bos;Halfnatuurlijk grasland;Grasland;Zegge, koninginnenkruid, watermunt, brandnetel, braam;Ja;Nee;;;Geen;Geen;NULL;;;;;;;;;;;M;M;M;M;Steekguts 30mm;Steekguts 30mm;Steekguts 25mm;Steekguts 20mm;;NULL;;NA;Kopecky steekset 100cmü;Kopecky steekset 100cmü;Kopecky steekset 100cmü;Kopecky steekset 100cmü;Nee;NA;NA;;;
Pae4172d;29/08/2023;Pae4172d_23;Natuur;;;Ruigte en struweel;Struikgewas;Riet, wilg, smeerwortel, haagwinde, koninginnenkruid, pitrus,;Ja;Nee;;;Geen;Te nat;5, 8, 17;;;;;5, 8, 17;;;;;;M;M;M;M;Steekguts 30mm;Steekguts 30mm;Steekguts 25mm;Steekguts 20mm;;NULL;;NA;Kopecky steekset 100cmü;Kopecky steekset 100cmü;Kopecky steekset 100cmü;Kopecky steekset 100cmü;Nee;NA;NA;;;
P6e0b76b;5/09/2023;P6e0b76b_23;Bos;;;Loofbos;Bos;Braam, brandnetel, zwarte els, Amerikaanse eik, populier;Nee;Nee;;;Geen;Boom;2, 9, 17;2, 9, 17;;;;;;;;;;M&O;M;M;M;Steekguts 30mm;Steekguts 30mm;Steekguts 25mm;Steekguts 20mm;;NULL;;NA;Kopecky steekset 100cmü;Kopecky steekset 100cmü;Kopecky steekset 100cmü;Kopecky steekset 100cmü;Nee;NA;NA;;;
P3bd692f;6/09/2023;P3bd692f_23;Natuur;;;Halfnatuurlijk grasland;Grasland;Pijpenstrootje, berk, mossen;Ja;Nee;;;Geen;Geen;NULL;;;;;;;;;;;M&O;M&O;M&O;M;Steekguts 30mm;Steekguts 30mm;Steekguts 25mm;Steekguts 20mm;1, 2, 3, 4, 5, 6, 7, 8, 9, 10, 11, 12, 13, 14, 15, 16;1, 2, 3, 4, 5, 6, 7, 8, 9, 10, 11, 12, 13, 14, 15, 16;1, 2, 3, 4, 5, 6, 7;NA;Kopecky steekset 100cmü;Kopecky steekset 100cmü;Kopecky steekset 100cmü;Kopecky steekset 100cmü;Nee;NA;NA;;;
P3fa2319;6/09/2023;P3fa2319_23;Bos;;;Naaldbos;Bos;Grove den;Nee;Nee;;;Geen;Boom;1, 6, 13, 17;1, 6, 13, 17;;;;;;;;;;M;M;M;M;Steekguts 30mm;Steekguts 30mm;Steekguts 25mm;Steekguts 20mm;;NULL;;NA;Kopecky steekset 100cmü;Kopecky steekset 100cmü;Kopecky steekset 100cmü;Kopecky steekset 100cmü;Nee;NA;NA;;;
P7e01d75;7/09/2023;P7e01d75_23;Natuur;;;Halfnatuurlijk grasland;Grasland;Wilde gagel, pitrus, struikhei, mos, grassen;Ja;Nee;;;Geen;Geen;NULL;;;;;;;;;;;O;M&O;M;;Steekguts 30mm;Steekguts 30mm;Steekguts 25mm;;1, 2, 3, 4, 5, 6, 7, 8, 9, 10, 11, 12, 13, 14, 15, 16;1, 2, 3, 4, 5, 6, 7, 8, 9, 10, 11, 12, 13, 14, 15, 16;;NA;Kopecky steekset 100cmü;Kopecky steekset 100cmü;Kopecky steekset 100cmü;;Nee;NA;NA;;Watertafel;Geen staal van 60 - 100 cm door watertafel
Pb15c404;8/09/2023;Pb15c404_23;Natuur;;;Halfnatuurlijk grasland;Grasland;Gras, pitrus;Nee;Ja;Lineair;Midden;Geen;Boom;3, 5, 10, 18;3, 5, 10, 18;;;;;;;;;;M;M;M;M;Steekguts 30mm;Steekguts 30mm;Steekguts 25mm;Steekguts 20mm;;NULL;;NA;Kopecky steekset 100cmü;Kopecky steekset 100cmü;Kopecky steekset 100cmü;Kopecky steekset 100cmü;Nee;NA;NA;;;
P36630db;12/09/2023;P36630db_23;Natuur;;;Halfnatuurlijk grasland;Grasland;Braam, wilg, grassen;Nee;Nee;;;Geen;Geen;NULL;;;;;;;;;;;M;M;M;M;Steekguts 30mm;Steekguts 30mm;Steekguts 25mm;Steekguts 20mm;;NULL;;NA;Kopecky steekset 100cmü;Kopecky steekset 100cmü;Kopecky steekset 100cmü;Kopecky steekset 100cmü;Nee;NA;NA;;;
P416f001;12/09/2023;P416f001_23;Natuur;;;Ruigte en struweel;Struikgewas;Braam, smeerwortel, grassen;Nee;Nee;;;Geen;Geen;NULL;;;;;;;;;;;M;M;M;M;Steekguts 30mm;Steekguts 30mm;Steekguts 25mm;Steekguts 20mm;;NULL;;NA;Kopecky steekset 100cmü;Kopecky steekset 100cmü;Kopecky steekset 100cmü;Kopecky steekset 100cmü;Nee;NA;NA;;;
P5737af2;13/09/2023;P5737af2_23;Natuur;;;Halfnatuurlijk grasland;Grasland;Pitrus, lisdodde, holpijp;Ja;Nee;;;Geen;Geen;NULL;;;;;;;;;;;M&O;M;M;M;Steekguts 30mm;Steekguts 30mm;Steekguts 25mm;Steekguts 20mm;;NULL;;NA;Kopecky steekset 100cmü;Kopecky steekset 100cmü;Kopecky steekset 100cmü;Kopecky steekset 100cmü;Nee;NA;NA;;;
P6f52de5;15/09/2023;P6f52de5_23;Natuur;;;Heide;Struikgewas;Struikhei, dophei, pijpenstrootje, grove den;Nee;Nee;;;Geen;Geen;NULL;;;;;;;;;;;M;M;M;M;Steekguts 30mm;Steekguts 30mm;Steekguts 25mm;Steekguts 20mm;;NULL;;NA;Kopecky steekset 100cmü;Kopecky steekset 100cmü;Kopecky steekset 100cmü;Kopecky steekset 100cmü;Nee;NA;NA;;;
P6e99d6e;15/09/2023;P6e99d6e_23;Natuur;;;Heide;Struikgewas;Struikhei;Nee;Ja;Concaaf;Midden;Geen;Geen;NULL;;;;;;;;;;;M;M;M;M;Steekguts 30mm;Steekguts 30mm;Steekguts 25mm;Steekguts 20mm;;NULL;;NA;Kopecky steekset 100cmü;Kopecky steekset 100cmü;Kopecky steekset 100cmü;Kopecky steekset 100cmü;Nee;NA;NA;;;
P61659e2;19/09/2023;P61659e2_23;Ruimtebeslag overige;;;Cultuurgrasland permanent;Grasland;Grassen;Nee;Nee;;;Geen;Geen;NULL;;;;;;;;;;;M;M;M;M;Steekguts 30mm;Steekguts 30mm;Steekguts 25mm;Steekguts 20mm;;NULL;;NA;Kopecky steekset 100cmü;Kopecky steekset 100cmü;Kopecky steekset 100cmü;Kopecky steekset 100cmü;Nee;NA;NA;;;
P48a9794;19/09/2023;P48a9794_23;Ruimtebeslag overige;;;Cultuurgrasland permanent;Grasland;Grassen;Nee;Nee;;;Geen;Geen;NULL;;;;;;;;;;;M;M;M;M;Steekguts 30mm;Steekguts 30mm;Steekguts 25mm;Steekguts 20mm;;NULL;;NA;Kopecky steekset 100cmü;Kopecky steekset 100cmü;Kopecky steekset 100cmü;Kopecky steekset 100cmü;Nee;NA;NA;;;
P7e41c1c;20/09/2023;P7e41c1c_23;Natuur;;;Halfnatuurlijk grasland;Grasland;Grassen, brem;Nee;Nee;;;Geen;Geen;NULL;;;;;;;;;;;M;M;M;M;Steekguts 30mm;Steekguts 30mm;Steekguts 25mm;Steekguts 20mm;;NULL;;NA;Kopecky steekset 100cmü;Kopecky steekset 100cmü;Kopecky steekset 100cmü;Kopecky steekset 100cmü;Nee;NA;NA;;;
P218f9a7;22/09/2023;P218f9a7_23;Natuur;;;Heide;Struikgewas;Pijpenstrootje, dophei, struikhei, grove den;Nee;Nee;;;Geen;Boom;4;4;;;;;;;;;;M&O;M;M;M;Steekguts 30mm;Steekguts 30mm;Steekguts 25mm;Steekguts 20mm;;NULL;;NA;Kopecky steekset 100cmü;Kopecky steekset 100cmü;Kopecky steekset 100cmü;Kopecky steekset 100cmü;Nee;NA;NA;;;
P5d6f98f;27/09/2023;P5d6f98f_23;Natuur;;;Ruigte en struweel;Struikgewas;Duinroos, duindoorn, meidoorn, zomereik, steeneik, nachtsilene, tijm, grassen, duizendblad, mos;Nee;Ja;Concaaf;Boven;Geen;Geen;NULL;;;;;;;;;;;M;M;M;M;Steekguts 30mm;Steekguts 30mm;Steekguts 25mm;Steekguts 20mm;;NULL;;NA;Kopecky steekset 100cmü;Kopecky steekset 100cmü;Kopecky steekset 100cmü;Kopecky steekset 100cmü;Nee;NA;NA;;;
P461fd06;27/09/2023;P461fd06_23;Natuur;;;Ruigte en struweel;Struikgewas;Riet;Nee;Nee;;;Geen;Geen;NULL;;;;;;;;;;;M;M;M;M;Steekguts 30mm;Steekguts 30mm;Steekguts 25mm;Steekguts 20mm;;NULL;;NA;Kopecky steekset 100cmü;Kopecky steekset 100cmü;Kopecky steekset 100cmü;Kopecky steekset 100cmü;Nee;NA;NA;;;
P8b25352;28/09/2023;P8b25352_23;Ruimtebeslag overige;;;Loofbos;Bos;Zomereik, fruitbomen, grassen;Nee;Nee;;;Geen;Geen;NULL;;;;;;;;;;;M;M;M;M;Steekguts 30mm;Steekguts 30mm;Steekguts 25mm;Steekguts 20mm;;NULL;;NA;Kopecky steekset 100cmü;Kopecky steekset 100cmü;Kopecky steekset 100cmü;Kopecky steekset 100cmü;Nee;NA;NA;;;
P8efbb51;28/09/2023;P8efbb51_23;Ruimtebeslag overige;;;Cultuurgrasland permanent;Grasland;Grassen;Nee;Nee;;;Geen;Geen;NULL;;;;;;;;;;;M;M;M;M;Steekguts 30mm;Steekguts 30mm;Steekguts 25mm;Steekguts 20mm;;NULL;;NA;Kopecky steekset 100cmü;Kopecky steekset 100cmü;Kopecky steekset 100cmü;Kopecky steekset 100cmü;Nee;NA;NA;;;
P9b3f79b;29/09/2023;P9b3f79b_23;Ruimtebeslag overige;;;Cultuurgrasland permanent;Grasland;Grassen, boterbloem, paardenbloem, weegbree;Nee;Nee;;;Geen;Verharding/constructie;3, 6, 9, 10, 13, 14, 18;;;;3, 6, 9, 10, 13, 14, 18;;;;;;;M;M;M;M;Steekguts 30mm;Steekguts 30mm;Steekguts 25mm;Steekguts 20mm;;NULL;;NA;Kopecky steekset 100cmü;Kopecky steekset 100cmü;Kopecky steekset 100cmü;Kopecky steekset 100cmü;Nee;NA;NA;;;
P7266a6f;4/10/2023;P7266a6f_23;Ruimtebeslag overige;;;Halfnatuurlijk grasland;Grasland;Grassen;Nee;Nee;;;Geen;Verharding/constructie;4, 11, 15, 19;;;;4, 11, 15, 19;;;;;;;M;M;M;M;Steekguts 30mm;Steekguts 30mm;Steekguts 25mm;Steekguts 20mm;;NULL;;NA;Kopecky steekset 100cmü;Kopecky steekset 100cmü;Kopecky steekset 100cmü;Kopecky steekset 100cmü;Nee;NA;NA;;;
P5f87807;5/10/2023;P5f87807_23;Ruimtebeslag overige;;;Ruigte en struweel;Grasland;Grassen, bijvoet, kruidachtigen;Nee;Nee;;;Geen;Geen;NULL;;;;;;;;;;;M;M;M;M;Steekguts 30mm;Steekguts 30mm;Steekguts 25mm;Steekguts 20mm;;NULL;;NA;Kopecky steekset 100cmü;Kopecky steekset 100cmü;Kopecky steekset 100cmü;Kopecky steekset 100cmü;Nee;NA;NA;;;
P746237c;6/10/2023;P746237c_23;Ruimtebeslag overige;;;Halfnatuurlijk grasland;Grasland;Gewoon biggenkruid, brem, grassen, kruidachtigen;Nee;Nee;;;Geen;Geen;NULL;;;;;;;;;;;M;M;M;M;Steekguts 30mm;Steekguts 30mm;Steekguts 25mm;Steekguts 20mm;;NULL;;NA;Kopecky steekset 100cmü;Kopecky steekset 100cmü;Kopecky steekset 100cmü;Kopecky steekset 100cmü;Nee;NA;NA;;;
P6e4eda1;17/10/2023;P6e4eda1_23;Natuur;;;Heide;Struikgewas;Struikhei, buntgras, brem;Nee;Nee;;;Geen;Geen;NULL;;;;;;;;;;;M;M;M;M;Steekguts 30mm;Steekguts 30mm;Steekguts 25mm;Steekguts 20mm;;NULL;;NA;Kopecky steekset 100cmü;Kopecky steekset 100cmü;Kopecky steekset 100cmü;Kopecky steekset 100cmü;Nee;NA;NA;;;
P896a6dc;18/10/2023;P896a6dc_23;Natuur;;;Ruigte en struweel;Struikgewas;Braam, grassen;Nee;Nee;;;Geen;Insporing;4, 11, 15, 19;;;;;;;4, 11, 15, 19;;;;M;M;M;M;Steekguts 30mm;Steekguts 30mm;Steekguts 25mm;Steekguts 20mm;;NULL;;NA;Kopecky steekset 100cmü;Kopecky steekset 100cmü;Kopecky steekset 100cmü;Kopecky steekset 100cmü;Nee;NA;NA;;;
P7cd521a;19/10/2023;P7cd521a_23;Natuur;;;Heide;Struikgewas;Struikhei, grassen, kruidachtigen;Nee;Nee;;;Geen;Geen;NULL;;;;;;;;;;;M;M;M;M;Steekguts 30mm;Steekguts 30mm;Steekguts 25mm;Steekguts 20mm;;NULL;;NA;Kopecky steekset 100cmü;Kopecky steekset 100cmü;Kopecky steekset 100cmü;Kopecky steekset 100cmü;Nee;NA;NA;;;
Pb0f0f8d;24/10/2023;Pb0f0f8d_23;Ruimtebeslag overige;;;Overig laag groen;Huizen en tuinen;Grassen, fruitbomen;Nee;Ja;Lineair;Midden;Geen;Geen;NULL;;;;;;;;;;;M;M;M;M;Steekguts 30mm;Steekguts 30mm;Steekguts 25mm;Steekguts 20mm;;NULL;;NA;Kopecky steekset 100cmü;Kopecky steekset 100cmü;Kopecky steekset 100cmü;Kopecky steekset 100cmü;Nee;NA;NA;;;
P7b2efe6;25/10/2023;P7b2efe6_23;Natuur;;;Heide;Struikgewas;Struikhei, pijpenstrootje;Nee;Nee;;;Geen;Geen;NULL;;;;;;;;;;;M;M;M;M;Steekguts 30mm;Steekguts 30mm;Steekguts 25mm;Steekguts 20mm;;NULL;;NA;Kopecky steekset 100cmü;Kopecky steekset 100cmü;Kopecky steekset 100cmü;Kopecky steekset 100cmü;Nee;NA;NA;;;
P247f5df;27/10/2023;P247f5df_23;Natuur;;;Halfnatuurlijk grasland;Grasland;Pijpestrootje, pitrus;Nee;Nee;;;Geen;Geen;NULL;;;;;;;;;;;M;M;M;M;Steekguts 30mm;Steekguts 30mm;Steekguts 25mm;Steekguts 20mm;;NULL;;NA;Kopecky steekset 100cmü;Kopecky steekset 100cmü;Kopecky steekset 100cmü;Kopecky steekset 100cmü;Nee;NA;NA;;;
P229f603;27/10/2023;P229f603_23;Natuur;;;Heide;Struikgewas;Struikhei, pijpenstrootje;Nee;Nee;;;Geen;Geen;NULL;;;;;;;;;;;M;M;M;M;Steekguts 30mm;Steekguts 30mm;Steekguts 25mm;Steekguts 20mm;;NULL;;NA;Kopecky steekset 100cmü;Kopecky steekset 100cmü;Kopecky steekset 100cmü;Kopecky steekset 100cmü;Nee;NA;NA;;;
Pa4e5fa1;7/11/2023;Pa4e5fa1_23;Ruimtebeslag overige;;;Cultuurgrasland permanent;Grasland;Grassen, brandnetel;Nee;Ja;Lineair;Midden;Geen;Geen;NULL;;;;;;;;;;;M;M;M;M;Steekguts 30mm;Steekguts 30mm;Steekguts 25mm;Steekguts 20mm;;NULL;;NA;Kopecky steekset 100cmü;Kopecky steekset 100cmü;Kopecky steekset 100cmü;Kopecky steekset 100cmü;Nee;NA;NA;;;
P513fe56;9/11/2023;P513fe56_23;Ruimtebeslag overige;;;Cultuurgrasland permanent;Grasland;Gras, jakobskruiskruid;Nee;Nee;;;Geen;Geen;NULL;;;;;;;;;;;M;M;M;M;Steekguts 30mm;Steekguts 30mm;Steekguts 25mm;Steekguts 20mm;;NULL;;NA;Kopecky steekset 100cmü;Kopecky steekset 100cmü;Kopecky steekset 100cmü;Kopecky steekset 100cmü;Nee;NA;NA;;;
P7bcf9f3;10/11/2023;P7bcf9f3_23;Ruimtebeslag overige;;;Cultuurgrasland permanent;Grasland;Grassen, kerselaar;Nee;Nee;;;Geen;Geen;NULL;;;;;;;;;;;M;M;M;M;Steekguts 30mm;Steekguts 30mm;Steekguts 25mm;Steekguts 20mm;;NULL;;NA;Kopecky steekset 100cmü;Kopecky steekset 100cmü;Kopecky steekset 100cmü;Kopecky steekset 100cmü;Nee;NA;NA;;;
P4df2036;14/11/2023;P4df2036_23;Ruimtebeslag overige;;;Cultuurgrasland permanent;Grasland;Grassen, kruidachtigen;Nee;Nee;;;Geen;Geen;NULL;;;;;;;;;;;M;M;M;M;Steekguts 30mm;Steekguts 30mm;Steekguts 25mm;Steekguts 20mm;;NULL;;NA;Kopecky steekset 100cmü;Kopecky steekset 100cmü;Kopecky steekset 100cmü;Kopecky steekset 100cmü;Nee;NA;NA;;;
P79c66e0;16/11/2023;P79c66e0_23;Ruimtebeslag overige;;;Cultuurgrasland permanent;Grasland;Grassen;Nee;Nee;;;Geen;Geen;NULL;;;;;;;;;;;M;M;M;M;Steekguts 30mm;Steekguts 30mm;Steekguts 25mm;Steekguts 20mm;;NULL;;NA;Kopecky steekset 100cmü;Kopecky steekset 100cmü;Kopecky steekset 100cmü;Kopecky steekset 100cmü;Nee;NA;NA;;;
P643ece3;16/11/2023;P643ece3_23;Ruimtebeslag overige;;;Cultuurgrasland permanent;Grasland;Grassen, brandnetel;Nee;Nee;;;Geen;Geen;NULL;;;;;;;;;;;M;M;M;M;Steekguts 30mm;Steekguts 30mm;Steekguts 25mm;Steekguts 20mm;;NULL;;NA;Kopecky steekset 100cmü;Kopecky steekset 100cmü;Kopecky steekset 100cmü;Kopecky steekset 100cmü;Nee;NA;NA;;;
Paa99d34;17/11/2023;Paa99d34_23;Ruimtebeslag overige;;;Cultuurgrasland permanent;Grasland;Grassen, kerselaar;Nee;Nee;;;Geen;Boom (levend);3, 5, 6, 10, 11, 14, 18, 21;3, 5, 6, 10, 11, 14, 18, 21;;;;;;;;;;M;M;M;M;Steekguts 30mm;Steekguts 30mm;Steekguts 25mm;Steekguts 20mm;;NULL;;NA;Kopecky steekset 100cmü;Kopecky steekset 100cmü;Kopecky steekset 100cmü;Kopecky steekset 100cmü;Nee;NA;NA;;;
P987b175;17/11/2023;P987b175_23;Ruimtebeslag overige;4, 11, 15, 19;Akkerland;Cultuurgrasland permanent;Grasland;Grassen;Nee;Ja;Lineair;Midden;Geen;Geen;NULL;;;;;;;;;;;M;M;M;M;Steekguts 30mm;Steekguts 30mm;Steekguts 25mm;Steekguts 20mm;;NULL;;NA;Kopecky steekset 100cmü;Kopecky steekset 100cmü;Kopecky steekset 100cmü;Kopecky steekset 100cmü;Nee;NA;NA;;;
P5cfe213;21/11/2023;P5cfe213_23;Ruimtebeslag overige;;;Cultuurgrasland permanent;Grasland;Grassen;Nee;Nee;;;Geen;Verharding/constructie;6;;;;6;;;;;;;M;M;M;M;Steekguts 30mm;Steekguts 30mm;Steekguts 25mm;Steekguts 20mm;;NULL;;NA;Kopecky steekset 100cmü;Kopecky steekset 100cmü;Kopecky steekset 100cmü;Kopecky steekset 100cmü;Ja;NA;NA;;;
P63e2674;21/11/2023;P63e2674_23;Ruimtebeslag overige;;;Cultuurgrasland permanent;Grasland;Grassen;Nee;Nee;;;Geen;Geen;NULL;;;;;;;;;;;M;M;M;M;Steekguts 30mm;Steekguts 30mm;Steekguts 25mm;Steekguts 20mm;;NULL;;NA;Kopecky steekset 100cmü;Kopecky steekset 100cmü;Kopecky steekset 100cmü;Kopecky steekset 100cmü;Nee;NA;NA;;;
Pb05bc62;22/11/2023;Pb05bc62_23;Ruimtebeslag overige;;;Cultuurgrasland permanent;Grasland;Grassen, riet, brandnetel;Nee;Nee;;;Geen;Geen;NULL;;;;;;;;;;;M;M;M;M;Steekguts 30mm;Steekguts 30mm;Steekguts 25mm;Steekguts 20mm;;NULL;;NA;Kopecky steekset 100cmü;Kopecky steekset 100cmü;Kopecky steekset 100cmü;Kopecky steekset 100cmü;Nee;NA;NA;;;
P988bcb8;22/11/2023;P988bcb8_23;Ruimtebeslag overige;2, 3, 5, 6, 9, 10, 11, 14, 18, 21, 25, 26, 27, 29, 30;Akkerland;Cultuurgrasland permanent;Grasland;Grassen, zomereik;Nee;Nee;;;Geen;Geen;NULL;;;;;;;;;;;M;M;M;M;Steekguts 30mm;Steekguts 30mm;Steekguts 25mm;Steekguts 20mm;;NULL;;NA;Kopecky steekset 100cmü;Kopecky steekset 100cmü;Kopecky steekset 100cmü;Kopecky steekset 100cmü;Nee;NA;NA;;;
Pab502ed;28/11/2023;Pab502ed_23;Ruimtebeslag overige;;;Cultuurgrasland permanent;Grasland;Grassen;Nee;Ja;Lineair;Midden;Geen;Geen;NULL;;;;;;;;;;;M;M;M;M;Steekguts 30mm;Steekguts 30mm;Steekguts 25mm;Steekguts 20mm;;NULL;;NA;Kopecky steekset 100cmü;Kopecky steekset 100cmü;Kopecky steekset 100cmü;Kopecky steekset 100cmü;Nee;NA;NA;;;
P701d750;29/11/2023;P701d750_23;Ruimtebeslag overige;;;Cultuurgrasland permanent;Grasland;Grassen;Nee;Nee;;;Geen;Geen;NULL;;;;;;;;;;;M;M;M;M;Steekguts 30mm;Steekguts 30mm;Steekguts 25mm;Steekguts 20mm;;NULL;;NA;Kopecky steekset 100cmü;Kopecky steekset 100cmü;Kopecky steekset 100cmü;Kopecky steekset 100cmü;Nee;NA;NA;;;
P3ab4481;1/12/2023;P3ab4481_23;Ruimtebeslag overige;;;Cultuurgrasland permanent;Grasland;Grassen;Nee;Nee;;;Geen;Geen;NULL;;;;;;;;;;;M;M;M;M;Steekguts 30mm;Steekguts 30mm;Steekguts 25mm;Steekguts 20mm;;NULL;;NA;Kopecky steekset 100cmü;Kopecky steekset 100cmü;Kopecky steekset 100cmü;Kopecky steekset 100cmü;Nee;NA;NA;;;
Pba39b67;5/12/2023;Pba39b67_23;Natuur;;;Boomgaard (hoogstam);Grasland;Grassen, kruidachtigen;Nee;Ja;Lineair;Midden;Geen;Geen;NULL;;;;;;;;;;;M;M;M;M;Steekguts 30mm;Steekguts 30mm;Steekguts 25mm;Steekguts 20mm;;NULL;;NA;Kopecky steekset 100cmü;Kopecky steekset 100cmü;Kopecky steekset 100cmü;Kopecky steekset 100cmü;Nee;NA;NA;;;
P724e1c7;6/12/2023;P724e1c7_23;Ruimtebeslag overige;;;Ruigte en struweel;Struikgewas;Berk, vlier, hulst, zomereik, klimop, braam;Nee;Nee;;;Geen;Boom (levend);4, 7, 8, 9;4, 7, 8, 9;;;;;;;;;;M&O;M&O;M;M;Steekguts 30mm;Steekguts 30mm;Steekguts 25mm;Steekguts 20mm;;NULL;;NA;Kopecky steekset 100cmü;Kopecky steekset 100cmü;Kopecky steekset 100cmü;Kopecky steekset 100cmü;Nee;NA;NA;Stenen/rotsen;Stenen/rotsen;
P8c407e7;7/12/2023;P8c407e7_23;Ruimtebeslag overige;;;Akker;Akker;Kruidachtigen;Nee;Nee;Lineair;Midden;Geen;Geen;NULL;;;;;;;;;;;M;M;M;M;Steekguts 30mm;Steekguts 30mm;Steekguts 25mm;Steekguts 20mm;;NULL;;NA;Kopecky steekset 100cmü;Kopecky steekset 100cmü;Kopecky steekset 100cmü;Kopecky steekset 100cmü;Nee;NA;NA;;;
Pb320d07;8/12/2023;Pb320d07_23;Ruimtebeslag overige;;;Cultuurgrasland permanent;Grasland;Grassen, scherpe boterbloem;Nee;Ja;Lineair;Midden;Geen;Dood hout;9,13;;9,13;;;;;;;;;M;M;M;M;Steekguts 30mm;Steekguts 30mm;Steekguts 25mm;Steekguts 20mm;;NULL;;NA;Kopecky steekset 100cmü;Kopecky steekset 100cmü;Kopecky steekset 100cmü;Kopecky steekset 100cmü;Nee;NA;NA;;;
Pbbfe8d6;12/12/2023;Pbbfe8d6_23;Ruimtebeslag overige;;;Cultuurgrasland permanent;Grasland;Grassen;Nee;Ja;Lineair;Midden;Geen;Verharding/constructie;9;;;;9;;;;;;;M;M;M;M;Steekguts 30mm;Steekguts 30mm;Steekguts 25mm;Steekguts 20mm;;NULL;;NA;Kopecky steekset 100cmü;Kopecky steekset 100cmü;Kopecky steekset 100cmü, Edelman boor en ring 100cmü;Edelman boor en ring 100cmü;Ja;NA;NA;;;
P5fa4e6e;13/12/2023;P5fa4e6e_23;Ruimtebeslag overige;;;Cultuurgrasland permanent;Grasland;Grassen, kruiden;Nee;Nee;;;Geen;Geen;NULL;;;;;;;;;;;M;M;M;M;Steekguts 30mm;Steekguts 30mm;Steekguts 25mm;Steekguts 20mm;;NULL;;NA;Kopecky steekset 100cmü;Kopecky steekset 100cmü;Kopecky steekset 100cmü, Edelman boor en ring 100cmü;Edelman boor en ring 100cmü;Nee;NA;NA;;;
Pa12b788;14/12/2023;Pa12b788_23;Ruimtebeslag overige;;;Halfnatuurlijk grasland;Grasland;Grassen, pitrus;Nee;Ja;Lineair;Midden;Geen;Geen;NULL;;;;;;;;;;;M;M;M;M;Steekguts 30mm;Steekguts 30mm;Steekguts 25mm;Steekguts 20mm;;NULL;;NA;Kopecky steekset 100cmü;Kopecky steekset 100cmü;Kopecky steekset 100cmü;Kopecky steekset 100cmü, Edelman boor en ring 100cmü;Nee;NA;NA;;;
